customer_id,full_name,email,phone,city,segment,created_at
1,Aryan Maharaj,kapurbalveer@example.org,3843221563,Delhi,VALUE,2024-07-27
2,Udant Dewan,dalaja80@example.org,6825238154,Kolkata,PREMIUM,2024-11-08
3,Gagan Sami,wableekaraj@example.net,9955755383,Pune,PREMIUM,2026-02-13
4,Ayushman Chander,tsachar@example.com,4139074432,Hyderabad,VALUE,2024-04-02
5,Viraj Tiwari,raghavdada@example.net,0222123703,Hyderabad,VALUE,2024-04-07
6,Rushil Saini,banikyochana@example.org,0260052061,Kolkata,GROWTH,2024-09-28
7,Saumya Mall,kallarehaan@example.com,0697775323,Delhi,PREMIUM,2025-06-26
8,Nathaniel Sami,gjhaveri@example.com,7364217857,Pune,PREMIUM,2025-12-27
9,Arunima Dugal,vivaansankar@example.net,4369174238,Mumbai,PREMIUM,2025-05-21
10,Gayathri Chaudry,dsuresh@example.com,9180981745,Delhi,GROWTH,2025-03-20
11,Lajita Chatterjee,sulefrederick@example.org,3700410233,Chennai,VALUE,2026-02-22
12,Hemangini Lalla,georgecontractor@example.net,4116927703,Jaipur,GROWTH,2024-06-03
13,Tripti Yadav,cmannan@example.com,3649036571,Pune,VALUE,2026-03-22
14,Kritika Brar,choudhurywilliam@example.net,2931901018,Kolkata,PREMIUM,2024-10-08
15,Janaki Handa,nathanbajaj@example.org,5744870381,Pune,VALUE,2024-09-05
16,Chakradev Kari,adya95@example.com,7490792328,Kolkata,VALUE,2026-05-08
17,Fariq Kaul,tailorfaraj@example.com,3623057620,Chennai,GROWTH,2025-08-04
18,Lajita Mall,wraman@example.org,9318585218,Mumbai,GROWTH,2025-01-23
19,Janya Gaba,wsetty@example.net,9563948742,Kolkata,GROWTH,2024-10-24
20,Isha Kadakia,ishitasharaf@example.org,9093426926,Hyderabad,GROWTH,2025-02-01
21,Ekbal Garg,faqidpurohit@example.net,8304105458,Chennai,NEW,2025-12-13
22,Nihal Shere,jacobramesh@example.org,9377286756,Bengaluru,NEW,2024-05-17
23,Anamika Kanda,widishathakur@example.net,3457107178,Mumbai,NEW,2024-06-05
24,Daksh Karnik,chanderchristopher@example.com,0264722314,Jaipur,GROWTH,2024-10-01
25,Diya Rattan,mbalasubramanian@example.net,2076579667,Kolkata,GROWTH,2025-03-09
26,Dominic Kakar,djha@example.com,4344776236,Pune,GROWTH,2026-01-03
27,Simon Tata,bshenoy@example.org,7861204597,Hyderabad,GROWTH,2024-07-08
28,Tara Dhar,avni69@example.com,0495069251,Kolkata,VALUE,2025-12-08
29,Liam Koshy,tkorpal@example.org,5652927813,Chennai,GROWTH,2026-03-27
30,Priya Rastogi,tejasshenoy@example.org,4677933839,Hyderabad,VALUE,2025-01-26
31,Theodore Devi,tailorhritik@example.net,8626314135,Hyderabad,VALUE,2026-05-15
32,Gavin Batta,aditya09@example.com,8514120119,Mumbai,NEW,2026-03-15
33,Michael Dutta,mahalchanakya@example.net,3685237476,Delhi,VALUE,2025-12-18
34,Devansh Rajan,phora@example.org,8497384008,Chennai,GROWTH,2024-12-08
35,Upadhriti Wadhwa,chanchalkale@example.org,2124076678,Jaipur,GROWTH,2024-09-27
36,Advay Contractor,inazareth@example.com,6453383733,Delhi,VALUE,2026-02-16
37,Harini Choudhury,bhavika88@example.net,7603107773,Kolkata,NEW,2025-02-01
38,Radhika Dugar,onveerkohli@example.com,4144127579,Kolkata,VALUE,2024-01-29
39,Aarush Lall,abdul97@example.org,7209935251,Bengaluru,NEW,2025-10-07
40,Yashica Cherian,ektadhaliwal@example.net,5546700475,Pune,PREMIUM,2024-11-08
41,Yashica Issac,geetika45@example.com,2808703411,Mumbai,VALUE,2026-04-22
42,Kashvi Edwin,kakarishwar@example.net,1010830153,Kolkata,VALUE,2026-02-08
43,Ekiya Suresh,nbajwa@example.com,0560886384,Pune,VALUE,2024-04-03
44,Isaac Patil,wahabsangha@example.com,8419447469,Bengaluru,GROWTH,2026-03-22
45,Wriddhish Bhardwaj,vrindahayre@example.com,3218395768,Delhi,VALUE,2026-05-04
46,Farhan Chada,maanavkhosla@example.net,3562419517,Jaipur,NEW,2025-11-11
47,Ekapad Walia,baliaarna@example.net,8927869856,Hyderabad,VALUE,2024-09-04
48,Kabir Soman,nishakumer@example.com,7379956880,Jaipur,NEW,2025-08-25
49,Alka Wable,zilmil46@example.com,6521634878,Pune,VALUE,2026-02-20
50,Siddharth Zacharia,zansi67@example.net,1051184264,Kolkata,NEW,2026-01-03
51,Devika Rastogi,guneet63@example.com,0583595788,Kolkata,VALUE,2025-01-22
52,Raksha Varughese,debalvan@example.com,2627382760,Mumbai,GROWTH,2025-09-28
53,Jai Kota,hiteshshankar@example.com,2509179261,Bengaluru,GROWTH,2024-12-13
54,Devansh Nigam,om97@example.com,9560699323,Hyderabad,VALUE,2024-08-16
55,Victor Kannan,hbarad@example.com,3654019731,Hyderabad,NEW,2025-08-28
56,Ekavir Bhargava,yochana40@example.net,2722163174,Delhi,VALUE,2025-02-23
57,Ekansh Balay,choudhryamruta@example.com,8927334095,Chennai,GROWTH,2024-07-21
58,Ekavir Varkey,pinglereva@example.org,4692326624,Mumbai,GROWTH,2025-08-17
59,Arya Sunder,munitanish@example.net,6390742663,Pune,GROWTH,2024-10-16
60,Kevin Solanki,ebiswas@example.com,2280023706,Pune,VALUE,2025-06-13
61,Urvashi Ray,gdani@example.com,4173361239,Jaipur,VALUE,2024-11-21
62,Girindra Chatterjee,mbalasubramanian@example.com,8945497515,Pune,VALUE,2026-03-07
63,Irya Sampath,chakrabortyzaitra@example.net,8972506713,Bengaluru,VALUE,2026-02-04
64,Unni Bhagat,mugdhabains@example.com,0903134644,Jaipur,VALUE,2025-03-02
65,Darsh Rau,harinakshi46@example.com,5339583326,Hyderabad,NEW,2025-10-01
66,Ikbal Kothari,parth68@example.org,1281848936,Bengaluru,GROWTH,2024-06-09
67,Ranveer Yadav,wtoor@example.com,3006799134,Jaipur,GROWTH,2026-06-16
68,Logan Sami,xalakseth@example.org,0656121747,Bengaluru,GROWTH,2024-07-12
69,Arya Shere,avi34@example.net,3406887727,Delhi,VALUE,2026-02-19
70,Faqid Savant,divya45@example.net,6897073421,Hyderabad,GROWTH,2026-01-31
71,Chandresh Zachariah,nirja60@example.org,1698237995,Kolkata,VALUE,2024-06-09
72,Girik Khalsa,abhimanyuchadha@example.org,5668073526,Mumbai,VALUE,2024-01-08
73,Niharika Sunder,jdevan@example.com,2980530361,Hyderabad,GROWTH,2025-10-25
74,Tanay Rattan,thomasvirk@example.com,0510019950,Mumbai,GROWTH,2026-02-21
75,Nitesh Raghavan,rloke@example.org,2646271675,Pune,NEW,2025-10-06
76,Madhavi Lanka,saxenasarthak@example.com,5415723974,Hyderabad,VALUE,2024-02-20
77,Bhavika Sampath,jhalakbhakta@example.net,2589199597,Bengaluru,GROWTH,2025-08-03
78,Mohammed Gupta,shravya09@example.org,9846563160,Mumbai,VALUE,2024-12-18
79,Teerth Bhardwaj,ayushman99@example.org,8978941726,Chennai,VALUE,2026-04-04
80,Dipta Bhandari,cpatel@example.net,8082314302,Pune,PREMIUM,2025-12-21
81,Vansha Thakkar,boaseranbir@example.com,2989042698,Jaipur,VALUE,2025-12-20
82,Dakshesh Trivedi,anirudh34@example.net,5346709978,Hyderabad,GROWTH,2025-01-01
83,Quincy Biswas,anita37@example.com,6131217888,Mumbai,GROWTH,2024-10-16
84,Wahab Raval,auroraosha@example.org,6669874223,Kolkata,VALUE,2026-01-10
85,Yatin Baral,tnarayanan@example.net,4611795495,Pune,NEW,2024-04-13
86,Oni Virk,jeet42@example.net,0494415361,Pune,GROWTH,2024-03-31
87,Advika Jayaraman,aadhya49@example.net,1321816704,Delhi,PREMIUM,2024-02-25
88,William Lanka,ksangha@example.com,1007260768,Bengaluru,GROWTH,2025-04-05
89,Karan Mital,lakshit17@example.net,0640058445,Kolkata,NEW,2024-03-08
90,Diya Bora,radhika27@example.com,7294289811,Kolkata,VALUE,2025-06-08
91,Tara Chaudhry,xitiamble@example.org,2483259574,Hyderabad,GROWTH,2024-05-30
92,Tanay Toor,sachdevaekalinga@example.net,3375993345,Kolkata,PREMIUM,2026-03-12
93,Kevin Palla,rjayaraman@example.com,8716946756,Kolkata,VALUE,2025-01-24
94,Yash Pingle,smane@example.com,4768072579,Hyderabad,GROWTH,2024-03-25
95,Nakul Sarma,vivaanmunshi@example.net,1546367621,Jaipur,NEW,2025-09-16
96,Abhiram Mistry,routsimon@example.net,2949447272,Bengaluru,GROWTH,2024-10-31
97,Krish Lalla,nicholassami@example.com,6999875119,Mumbai,PREMIUM,2024-08-23
98,Hredhaan Dugal,rchand@example.net,3363996014,Pune,GROWTH,2025-08-16
99,Baghyawati Kade,beragautam@example.com,9977194459,Pune,NEW,2026-05-10
100,Samar Lalla,shroffharshil@example.org,4097741841,Mumbai,NEW,2026-05-31
101,Zayan Behl,geetika76@example.org,5352932276,Kolkata,GROWTH,2025-01-26
102,Pallavi Malhotra,banjeetmadan@example.net,5721864532,Mumbai,VALUE,2026-02-02
103,Aarush Nath,baghyawati14@example.org,7499394522,Kolkata,VALUE,2024-07-07
104,Adweta Edwin,dhritipanchal@example.org,5547006887,Delhi,GROWTH,2026-01-31
105,Prisha Andra,tanaysubramanian@example.org,2056336409,Kolkata,NEW,2026-04-27
106,Faqid Dixit,zparmer@example.net,7128826310,Kolkata,GROWTH,2025-04-10
107,Kala Divan,qdash@example.org,2540774881,Kolkata,VALUE,2025-04-15
108,Joshua Barman,devioeshi@example.com,4328127731,Pune,VALUE,2025-05-22
109,Janya Baral,omahal@example.com,7894378872,Hyderabad,GROWTH,2024-03-06
110,Shivansh Krish,fchar@example.com,8140650580,Pune,NEW,2026-02-11
111,Irya Ray,dhruvvohra@example.com,6470594887,Bengaluru,VALUE,2025-10-25
112,Warjas Gaba,vigarunima@example.org,7328456889,Kolkata,GROWTH,2026-02-21
113,Nitara Bakshi,surajai@example.org,7108228194,Chennai,PREMIUM,2024-04-13
114,Gaurangi Sabharwal,edar@example.com,9775933678,Hyderabad,NEW,2025-12-23
115,Amara Dutta,qkurian@example.com,5490867813,Chennai,VALUE,2024-11-22
116,Lavanya Barad,chauhanyamini@example.org,1967647583,Chennai,NEW,2026-01-06
117,Tristan Iyengar,shankarjanani@example.com,3882822706,Delhi,GROWTH,2026-06-13
118,Inaya Mody,chasmumsuri@example.org,7308429850,Mumbai,PREMIUM,2026-03-02
119,Udant Bajwa,qasim37@example.net,3681046363,Mumbai,VALUE,2026-04-04
120,Mohini Narasimhan,jmaster@example.net,4612149122,Delhi,GROWTH,2024-04-12
121,Ekaraj Mallick,ashanker@example.org,1941949265,Hyderabad,GROWTH,2024-10-22
122,Yashodhara Ratta,odara@example.org,8020231521,Pune,VALUE,2024-09-20
123,Ayaan D’Alia,xavier25@example.org,1249201843,Pune,GROWTH,2025-04-07
124,Pranav Lanka,gabrielbalasubramanian@example.net,0980657273,Hyderabad,GROWTH,2026-05-28
125,Ikbal Saraf,noahravi@example.com,5845632454,Kolkata,GROWTH,2025-09-09
126,Dipta Sarin,regenidra@example.com,0656815409,Chennai,VALUE,2025-05-05
127,Lekha Gupta,divanqushi@example.com,7729622923,Delhi,GROWTH,2025-12-25
128,Chaitanya Sarin,tanveerpatel@example.com,8446173274,Kolkata,VALUE,2024-06-07
129,Zinal Yohannan,routdamyanti@example.com,6740018476,Chennai,NEW,2025-08-17
130,Januja Sankar,ikbalagarwal@example.org,3596071240,Pune,NEW,2025-03-28
131,Ganga Murthy,urmiandra@example.net,5205622471,Chennai,VALUE,2024-07-01
132,Charita Tripathi,sekhonchakradhar@example.org,4371045826,Chennai,VALUE,2025-08-04
133,Nilima Narain,xvenkatesh@example.org,0750797522,Delhi,VALUE,2026-01-26
134,Chakrika Datta,wsaran@example.net,6677481893,Chennai,GROWTH,2026-01-15
135,Osha Raghavan,niteshbansal@example.com,6842633618,Kolkata,NEW,2026-01-28
136,Charvi Ravi,varmawahab@example.com,5965727287,Bengaluru,GROWTH,2025-12-31
137,Daksha Mangat,mohammed67@example.net,1476238026,Chennai,VALUE,2025-02-26
138,Qushi Nagy,ria62@example.net,6186771641,Delhi,VALUE,2024-02-14
139,Riya Sathe,dpalan@example.com,0499129363,Bengaluru,VALUE,2026-05-18
140,Yasti Solanki,amruta56@example.com,2979801347,Hyderabad,NEW,2025-02-12
141,Frado Mander,bdeol@example.com,7386675196,Jaipur,GROWTH,2025-07-23
142,Girik Keer,rpatel@example.com,7039274991,Mumbai,GROWTH,2024-01-19
143,Umang Issac,uppalnaveen@example.net,9750530833,Bengaluru,VALUE,2026-03-10
144,Aryan Batra,sekhonanika@example.com,6715118888,Hyderabad,NEW,2026-03-10
145,Vaishnavi Bora,apalla@example.org,2248913604,Jaipur,VALUE,2026-04-15
146,Oeshi Hayer,damyantinath@example.org,5766394081,Kolkata,NEW,2024-06-05
147,Warda Ratta,darshgrewal@example.com,8482775947,Delhi,NEW,2026-01-28
148,Manbir Ahluwalia,mekhalakara@example.org,0192467595,Mumbai,GROWTH,2025-07-16
149,Pavani Kanda,jeremiahramachandran@example.net,3711935170,Kolkata,NEW,2024-05-11
150,Zarna Shetty,hemani25@example.com,5081703761,Delhi,VALUE,2025-05-28
151,Zaid Dara,wyattanne@example.net,2816945384,Kolkata,PREMIUM,2025-03-04
152,Kiaan Shetty,shenoyaarna@example.org,7244753987,Bengaluru,VALUE,2025-07-16
153,Saanvi Thaman,vkaran@example.org,4829237925,Jaipur,GROWTH,2024-03-16
154,Sanaya Dutt,vvarma@example.org,5066011655,Bengaluru,VALUE,2025-05-22
155,Shivani Lad,anitashroff@example.com,1503555818,Hyderabad,VALUE,2025-09-01
156,Aradhana Verma,hpillai@example.org,0567721360,Pune,VALUE,2025-10-06
157,William Maharaj,ryan79@example.net,8006399378,Mumbai,VALUE,2025-11-23
158,Faras Mangal,bhatiaishita@example.org,0997872191,Chennai,GROWTH,2025-07-17
159,Anita Nayak,mreddy@example.org,6516800472,Chennai,GROWTH,2025-09-23
160,Faris Devi,labantailor@example.com,7009358717,Kolkata,VALUE,2024-03-22
161,Vihaan Rajagopal,teerthkuruvilla@example.org,5550187890,Jaipur,NEW,2025-12-19
162,Tanish Bhatt,isharatta@example.org,2325543349,Pune,NEW,2024-11-26
163,Nikita Narayanan,udyatidey@example.org,2430258330,Hyderabad,VALUE,2025-05-07
164,Ojasvi Bhatia,lgoda@example.com,2276904744,Hyderabad,GROWTH,2025-05-06
165,Osha Ramachandran,harshbanik@example.org,1078087667,Hyderabad,GROWTH,2026-05-28
166,Lajita Sood,urishillabera@example.org,3433578437,Kolkata,PREMIUM,2024-10-19
167,Indira Misra,lucky34@example.org,3361363750,Bengaluru,GROWTH,2024-12-11
168,Oni Yohannan,sanayaapte@example.com,3351163784,Mumbai,PREMIUM,2025-11-15
169,Vinaya Kanda,rayaankaul@example.org,2530342602,Bengaluru,VALUE,2025-07-24
170,Rajata Sunder,yogiyoshita@example.org,6992728702,Delhi,VALUE,2024-10-13
171,Lopa Nayar,jeevika61@example.org,0975110293,Delhi,PREMIUM,2024-11-05
172,Noah Sibal,vidhi80@example.com,5678956459,Delhi,GROWTH,2026-01-15
173,Avi Ramesh,ckanda@example.org,3032928442,Kolkata,NEW,2026-01-22
174,Fiyaz Sangha,ishaan76@example.net,3321330004,Pune,VALUE,2024-05-12
175,Triya Gopal,bzachariah@example.net,0302930958,Pune,VALUE,2024-12-25
176,Abha Raghavan,xmerchant@example.net,0752002556,Hyderabad,VALUE,2025-11-23
177,Siddharth Sha,damyanti42@example.org,0623143874,Pune,VALUE,2024-04-16
178,Geetika Raghavan,vrishti83@example.com,0535962763,Mumbai,VALUE,2024-06-14
179,Oviya Krishnan,radhikamann@example.org,6325273976,Jaipur,GROWTH,2024-05-22
180,Upma Bahl,samuel27@example.org,3914203756,Chennai,GROWTH,2025-04-20
181,Inaya Kapur,hvig@example.com,3140139887,Jaipur,PREMIUM,2025-02-09
182,Banjeet Balasubramanian,adyadeo@example.net,3371894284,Mumbai,GROWTH,2024-10-15
183,Ryan Bahri,baljiwankant@example.net,6380285212,Hyderabad,VALUE,2024-05-02
184,William Date,rsidhu@example.net,6485155964,Pune,PREMIUM,2025-07-27
185,Ishwar Kamdar,siddharthbuch@example.net,2187039508,Hyderabad,VALUE,2025-12-27
186,Aahana Pillay,arin32@example.org,2359402169,Hyderabad,NEW,2024-07-10
187,Ishwar Gade,osha55@example.org,3563622446,Mumbai,VALUE,2025-08-22
188,Hritik Bal,dattagarima@example.org,6157723551,Hyderabad,GROWTH,2025-12-16
189,Keya Ranganathan,bsarin@example.net,8479270599,Mumbai,NEW,2025-05-16
190,Faqid Kibe,zbansal@example.net,7353606844,Bengaluru,GROWTH,2025-05-31
191,Charvi Dara,tkapoor@example.com,4091260287,Pune,GROWTH,2024-05-30
192,Idika Walia,fsinha@example.com,1064802325,Pune,PREMIUM,2026-05-11
193,Kamala Biswas,jkoshy@example.net,0881484894,Chennai,VALUE,2026-05-10
194,Advik Salvi,gaurav03@example.net,1242296069,Bengaluru,PREMIUM,2025-10-02
195,Hitesh Sant,qasim42@example.com,1729521866,Jaipur,NEW,2026-03-23
196,Tripti Dua,jganguly@example.org,9675676594,Delhi,NEW,2025-06-30
197,Patrick Vig,indira96@example.org,8785597118,Bengaluru,GROWTH,2025-08-18
198,Veda Shroff,nmerchant@example.net,8187063378,Delhi,VALUE,2026-01-16
199,Amrita Naidu,mkari@example.net,6732681361,Bengaluru,PREMIUM,2024-02-04
200,Gabriel Mallick,gayathri94@example.org,4076202820,Jaipur,GROWTH,2024-07-16
201,Yagnesh Shetty,ijayanagi@example.net,9624132459,Bengaluru,VALUE,2024-07-02
202,Gayathri Balakrishnan,oeshi56@example.net,4142158254,Jaipur,VALUE,2025-07-23
203,Ekta Gopal,rushil17@example.org,4382500869,Hyderabad,VALUE,2024-08-06
204,Simon Pant,ckalla@example.org,1034159492,Pune,GROWTH,2024-12-17
205,Harini Mammen,gavinbabu@example.net,2835270607,Hyderabad,VALUE,2025-03-20
206,Advaith Varughese,unnijani@example.com,6423691703,Bengaluru,VALUE,2025-10-31
207,Frederick Khurana,rkant@example.net,3417792117,Kolkata,VALUE,2025-04-10
208,Vrinda Khosla,indaliramakrishnan@example.net,4596090127,Jaipur,NEW,2024-01-23
209,Vritti Sem,ujayaraman@example.net,9840270943,Bengaluru,VALUE,2025-09-10
210,Girik Menon,onkarjayaraman@example.com,1997178625,Kolkata,VALUE,2025-01-19
211,Nidhi Kohli,kloyal@example.org,3688646504,Bengaluru,GROWTH,2024-04-12
212,Jyoti Solanki,sandhumahika@example.org,0628536749,Pune,VALUE,2025-08-09
213,Pavani Narayanan,dasguptabahadurjit@example.net,1136354313,Kolkata,NEW,2024-08-31
214,Sudiksha Madan,mittalzilmil@example.com,7064547839,Hyderabad,NEW,2025-02-18
215,Zayan Kashyap,vbajaj@example.com,9103033799,Pune,GROWTH,2026-05-20
216,Reyansh Mutti,miteshsachdev@example.com,0297670644,Bengaluru,GROWTH,2024-08-02
217,Qasim Handa,sara89@example.net,5776140692,Delhi,GROWTH,2026-03-07
218,Veda Malhotra,upasnavarkey@example.com,4286357408,Delhi,VALUE,2025-02-21
219,Harish Hari,ati17@example.com,4444138825,Hyderabad,VALUE,2026-04-19
220,Utkarsh Patel,bajajrudra@example.com,5263733806,Jaipur,VALUE,2026-02-03
221,Chasmum Atwal,sachdevabrinda@example.net,4381006310,Mumbai,VALUE,2026-01-19
222,Anusha Bath,hritik04@example.com,7614048687,Hyderabad,GROWTH,2024-07-05
223,Brinda Date,tkoshy@example.com,7338210920,Pune,VALUE,2025-12-12
224,Harshil Arora,ksaran@example.com,4989216850,Mumbai,VALUE,2024-11-26
225,Upasna Srinivas,wakeeta33@example.net,7939836469,Pune,GROWTH,2026-03-30
226,Harini Gour,vbhandari@example.net,9603382238,Bengaluru,GROWTH,2026-06-10
227,Zayyan Sridhar,kalpit89@example.org,3755727059,Kolkata,VALUE,2025-07-04
228,Dhruv Rattan,lopa65@example.org,8872069657,Chennai,VALUE,2026-04-01
229,Ethan Bera,saanvimitter@example.net,8871308483,Chennai,VALUE,2025-04-24
230,Manthan Modi,fsavant@example.net,0663295689,Mumbai,VALUE,2024-01-31
231,Yuvraj Dani,saimahal@example.org,4893670619,Hyderabad,NEW,2026-02-25
232,Upkaar Virk,isha09@example.com,3814043880,Kolkata,NEW,2025-04-22
233,Shravya Savant,tanish80@example.com,5005835348,Delhi,GROWTH,2024-02-09
234,Pushti Mody,ekiyabhardwaj@example.org,5561417843,Kolkata,GROWTH,2024-02-28
235,Hardik Johal,chakradevvaidya@example.net,8325798169,Hyderabad,PREMIUM,2025-10-12
236,Aishani Bumb,zmand@example.net,4693604259,Pune,GROWTH,2026-04-11
237,Wriddhish Ghose,alkakapadia@example.com,1939589818,Pune,VALUE,2025-09-19
238,Naksh Agate,ishitakrishnamurthy@example.net,4574342595,Hyderabad,VALUE,2025-02-01
239,Shravya Singhal,lnarayan@example.org,9529382106,Bengaluru,GROWTH,2024-10-03
240,Bachittar Kata,harshparekh@example.com,2100735901,Pune,GROWTH,2025-01-11
241,Barkha Setty,keeryamini@example.com,0441482243,Mumbai,VALUE,2024-10-17
242,Vivaan Lalla,ahluwaliachakradev@example.org,8885573939,Chennai,VALUE,2024-09-02
243,Pavani Contractor,dayita69@example.com,0855026259,Delhi,VALUE,2024-04-25
244,Manthan Lata,asane@example.com,5395956917,Pune,VALUE,2025-05-26
245,Ekbal Bhasin,kalavansha@example.com,3679889373,Pune,GROWTH,2024-07-15
246,Damyanti Mani,ridhi47@example.com,5277374811,Delhi,PREMIUM,2024-05-10
247,Jeet Sidhu,bumbpooja@example.org,8905291844,Kolkata,GROWTH,2024-09-05
248,Neha Magar,peterdalia@example.com,2558782573,Hyderabad,VALUE,2025-12-20
249,Raksha Buch,khannanidhi@example.net,2037354053,Kolkata,VALUE,2025-05-30
250,Rachana Naidu,indali86@example.net,6478506093,Delhi,NEW,2025-03-18
251,Atharv Chand,basubrijesh@example.com,5851021465,Mumbai,GROWTH,2025-06-16
252,Ansh Luthra,murthytimothy@example.org,2206152501,Hyderabad,VALUE,2025-05-24
253,Parth Singhal,kashishdeep@example.net,9879504700,Mumbai,VALUE,2025-03-23
254,Arunima Golla,arattan@example.org,0177591748,Bengaluru,NEW,2026-01-26
255,Vyanjana Chand,yutikamurthy@example.com,3936044707,Pune,PREMIUM,2025-10-19
256,Ijaya Rege,baloliver@example.net,5796527398,Mumbai,NEW,2024-06-15
257,Ekani Cheema,vasatika38@example.org,5982218987,Pune,GROWTH,2026-01-05
258,Forum Sabharwal,balasubramanianekapad@example.org,4445169613,Delhi,GROWTH,2024-06-06
259,Bhavya Rattan,irya71@example.net,0849785315,Mumbai,GROWTH,2024-03-11
260,Suhani Chakrabarti,prasadchristopher@example.com,3939191654,Chennai,VALUE,2025-01-13
261,Zayyan Naik,merchantjack@example.org,6209527958,Kolkata,PREMIUM,2024-12-19
262,Netra Varkey,cprakash@example.com,5093330206,Mumbai,GROWTH,2025-12-08
263,Turvi Sachdev,jai91@example.net,5384528134,Bengaluru,VALUE,2025-09-17
264,Raghav Vasa,nishawalia@example.com,7523266103,Jaipur,NEW,2024-02-22
265,Wishi Sathe,thakerrachita@example.net,8620502551,Jaipur,GROWTH,2025-03-24
266,Samar Loke,ebose@example.org,2942649770,Chennai,VALUE,2025-12-16
267,Bhavna Sarma,mukhopadhyaymanbir@example.net,5621555274,Hyderabad,VALUE,2025-10-21
268,Jairaj Balakrishnan,nicholaspau@example.org,9575941904,Bengaluru,NEW,2025-03-26
269,Nathan Mukhopadhyay,mchaudhuri@example.com,6547829240,Chennai,NEW,2025-07-08
270,Nikita Chander,dubethomas@example.org,6611870074,Chennai,GROWTH,2025-05-20
271,Ishaan Shenoy,falanhayer@example.com,0618020315,Bengaluru,NEW,2024-07-27
272,Mitesh Tara,nihal20@example.net,5216359244,Delhi,NEW,2025-05-22
273,Yashodhara Mahajan,benjamin03@example.com,6547889155,Mumbai,NEW,2025-08-30
274,Vasudha Sodhi,sinhawarhi@example.com,7514258074,Jaipur,NEW,2024-02-20
275,Tanmayi Dhillon,lekha27@example.com,0373600145,Hyderabad,GROWTH,2025-09-17
276,Rayaan Trivedi,ramamugdha@example.org,2914204179,Hyderabad,PREMIUM,2024-08-12
277,Ekaraj Majumdar,gollaoeshi@example.net,8430718466,Hyderabad,GROWTH,2024-01-07
278,Harini Tripathi,bachittarkarpe@example.org,5149033313,Kolkata,PREMIUM,2025-11-10
279,Aarnav Mandal,eprabhakar@example.com,5720731156,Delhi,VALUE,2024-12-16
280,Vrishti Dixit,vritti12@example.org,8658263016,Delhi,PREMIUM,2025-01-06
281,Veda Pai,sankarchanakya@example.net,0387942634,Bengaluru,NEW,2025-07-15
282,Krishna Shah,bumbjairaj@example.net,5515698322,Hyderabad,VALUE,2025-05-19
283,Ranbir Khare,victorkant@example.org,2809191770,Pune,NEW,2025-07-12
284,Vivaan Roy,gopalekta@example.com,7717956785,Hyderabad,GROWTH,2026-04-30
285,Eesha Solanki,ddeshmukh@example.com,1217744415,Hyderabad,VALUE,2025-08-09
286,Libni Doshi,timothycontractor@example.com,3759824813,Jaipur,VALUE,2024-02-11
287,Balhaar Date,qushi88@example.net,1295584457,Mumbai,PREMIUM,2024-07-19
288,Harish Sarraf,bahrilila@example.net,4071491310,Chennai,GROWTH,2025-02-08
289,Tanmayi Aurora,ravelchanakya@example.com,7404564543,Chennai,VALUE,2025-03-01
290,Nimrat Dubey,azaan52@example.org,3826512947,Hyderabad,GROWTH,2024-11-21
291,Upasna Lanka,dhaliwalchandran@example.org,6337009511,Kolkata,VALUE,2024-06-14
292,Mitali Buch,hahuja@example.org,2276158425,Bengaluru,GROWTH,2024-04-05
293,Lajita Nadig,xmahal@example.org,4223185831,Jaipur,NEW,2024-05-10
294,Balendra Biswas,kulkarniaadhya@example.net,5703409718,Bengaluru,PREMIUM,2026-05-05
295,Bhavna Karan,ibasak@example.net,4362748187,Chennai,PREMIUM,2024-12-22
296,Radha Chaudhari,tataharsh@example.com,2976428468,Chennai,GROWTH,2026-05-15
297,Sachi Ganesan,keeranjali@example.com,6175869274,Kolkata,NEW,2024-10-28
298,Ayush Batra,adya49@example.com,3916102811,Hyderabad,VALUE,2024-10-07
299,Daksh Memon,ravaladvay@example.net,4047873748,Bengaluru,VALUE,2025-03-16
300,Kavya Sankar,yachana06@example.org,7020739701,Delhi,VALUE,2026-05-02
301,Yash Wali,vlala@example.com,2958107719,Bengaluru,GROWTH,2025-05-21
302,Pranit Garde,rkannan@example.net,4166064858,Kolkata,GROWTH,2024-02-01
303,Farhan Raja,banjeet74@example.org,4245049886,Delhi,PREMIUM,2024-09-01
304,Widisha Dhar,farhan42@example.net,8451265276,Jaipur,VALUE,2026-06-01
305,Triya Kumar,mannanjagrati@example.com,5525417832,Chennai,VALUE,2024-05-19
306,Aadhya Andra,lsankar@example.com,8186850634,Mumbai,GROWTH,2026-01-22
307,Bhavna Dugar,bhavnasha@example.com,9771045688,Bengaluru,NEW,2026-04-15
308,Riya Pai,mchada@example.com,2423592887,Chennai,VALUE,2024-07-11
309,Panini Krishna,chaitanyachar@example.com,5136272586,Bengaluru,VALUE,2025-05-18
310,Chasmum Issac,warhi28@example.net,1408487426,Delhi,VALUE,2025-06-23
311,Vasudha Chhabra,edasgupta@example.com,1216275733,Pune,GROWTH,2025-12-15
312,Lakshmi Parmer,uvenkataraman@example.net,1193689529,Pune,VALUE,2025-12-19
313,Chakrika Bains,desailila@example.org,2335235845,Delhi,VALUE,2024-02-24
314,Anvi Anand,frama@example.org,8460749169,Bengaluru,GROWTH,2024-10-14
315,Watika Mangat,iram@example.net,5613960475,Mumbai,VALUE,2026-04-26
316,Indira Kanda,asaran@example.org,4258465899,Pune,GROWTH,2024-11-14
317,Zashil Devan,joshua46@example.net,7176853849,Pune,VALUE,2024-08-09
318,Balveer More,psubramanian@example.org,7727972809,Pune,NEW,2025-07-20
319,Bahadurjit Patla,randhawakala@example.com,4004640879,Jaipur,GROWTH,2024-06-24
320,Gautam Merchant,widishaswaminathan@example.net,6188575245,Kolkata,VALUE,2024-05-12
321,Ojasvi Gill,chaitanya21@example.com,2011808295,Bengaluru,VALUE,2025-12-19
322,Kevin Zacharia,ndeo@example.org,1121594633,Delhi,GROWTH,2024-04-16
323,Yachana Mahajan,ekantikadivan@example.com,9842769017,Chennai,NEW,2026-03-13
324,Aarini Subramaniam,samakshoak@example.org,5337019363,Jaipur,VALUE,2024-08-12
325,Hamsini Contractor,madhavi00@example.net,5143646296,Jaipur,VALUE,2024-04-06
326,Faqid Dhaliwal,dayamai96@example.org,5219092671,Mumbai,VALUE,2025-10-29
327,Mekhala Pau,ggole@example.com,0476083073,Mumbai,GROWTH,2024-06-07
328,Megha Atwal,norimason@example.org,0797407685,Delhi,NEW,2024-11-25
329,Jatin Sha,vedant53@example.org,5593348869,Mumbai,GROWTH,2024-11-12
330,Adweta Raj,jagatvarma@example.com,0220976465,Chennai,VALUE,2025-04-01
331,Hritik Kaur,odika05@example.net,9596274233,Chennai,PREMIUM,2025-03-02
332,Aryan Narang,bhavyadixit@example.org,4370375269,Bengaluru,PREMIUM,2024-06-24
333,Dev Shetty,jonathandasgupta@example.org,5391691394,Bengaluru,VALUE,2024-07-30
334,Nilima Dada,dinanika@example.com,3276616398,Kolkata,VALUE,2024-06-23
335,Chakradev Barad,ikbalmalhotra@example.net,7225125748,Hyderabad,GROWTH,2024-02-19
336,Waida D’Alia,mandazaan@example.net,4606398180,Kolkata,PREMIUM,2025-08-08
337,Wahab Yogi,ovala@example.com,2060993960,Jaipur,PREMIUM,2025-02-27
338,Lipika Setty,udyatisubramaniam@example.net,9350617723,Bengaluru,PREMIUM,2024-04-07
339,Oni Dubey,dakshabath@example.org,5113486579,Mumbai,NEW,2024-10-25
340,Hardik Suri,contractorprisha@example.net,3202240173,Jaipur,VALUE,2025-08-24
341,Ati Bali,vedantchanda@example.org,9543124674,Pune,VALUE,2024-09-13
342,Teerth Sawhney,fvarughese@example.net,0437814119,Bengaluru,VALUE,2024-12-26
343,Warinder Patil,aurorabrijesh@example.net,6063405130,Chennai,NEW,2025-10-31
344,Jhalak Parmer,tdora@example.org,3953279182,Chennai,GROWTH,2025-08-27
345,Mitali Majumdar,dpadmanabhan@example.net,7162996817,Jaipur,VALUE,2025-09-22
346,Jason Sha,rkalla@example.com,4423352156,Bengaluru,VALUE,2024-12-09
347,Simon Bail,yamini77@example.com,4746879271,Jaipur,PREMIUM,2025-03-11
348,Gauri Kohli,joshua63@example.net,3703597978,Jaipur,PREMIUM,2026-01-31
349,Samesh Biswas,yadavi88@example.org,1786793936,Mumbai,PREMIUM,2026-02-24
350,Tarak Kaul,wakeetadixit@example.com,9957202035,Mumbai,VALUE,2024-02-20
351,Manbir Agate,chakrika22@example.net,8114681389,Chennai,NEW,2026-01-24
352,Maanav De,samaksh51@example.org,8634923524,Delhi,PREMIUM,2026-03-14
353,Owen Choudhary,rvyas@example.net,0417628510,Bengaluru,PREMIUM,2026-04-28
354,Karan Aurora,aryannarula@example.org,4040397621,Hyderabad,PREMIUM,2024-08-29
355,Wazir Naik,zayannayar@example.com,6904389114,Jaipur,NEW,2025-03-27
356,Owen Lanka,rachitvaidya@example.com,2062441850,Jaipur,NEW,2024-02-08
357,Jonathan Sama,abhimanyulala@example.com,1509957568,Mumbai,GROWTH,2024-04-08
358,Devansh Soni,bsolanki@example.com,3153293149,Jaipur,GROWTH,2025-05-21
359,Janaki Varghese,ibasu@example.org,2359634726,Delhi,GROWTH,2024-07-04
360,Siya Thakur,umistry@example.net,9391652773,Pune,NEW,2024-07-20
361,Caleb Verma,ubrar@example.net,4036480025,Kolkata,GROWTH,2024-09-24
362,Tara Balasubramanian,christophersodhi@example.com,6765172775,Jaipur,VALUE,2025-02-17
363,Varenya Ratti,ekbalkale@example.net,2365564414,Mumbai,VALUE,2024-05-17
364,Hritik Swaminathan,mparsa@example.org,1590382403,Jaipur,NEW,2025-12-23
365,Ethan Buch,prabhulaban@example.com,8343644566,Delhi,NEW,2025-08-24
366,Manbir Bhatti,girishbanerjee@example.com,6695804940,Chennai,NEW,2025-12-13
367,Anvi Nair,fitan44@example.org,6515717923,Hyderabad,GROWTH,2026-04-13
368,Chaitaly Setty,daraalexander@example.com,4928445507,Bengaluru,PREMIUM,2025-06-24
369,Hardik Contractor,mallbhavini@example.com,8037944000,Delhi,NEW,2024-11-21
370,Qushi Seth,lavanyamohan@example.com,8977903649,Kolkata,VALUE,2026-05-30
371,Odika Nori,rmuni@example.org,2169689286,Bengaluru,VALUE,2025-05-24
372,Mohini Sagar,ekapadsrinivas@example.org,9348596357,Pune,NEW,2025-02-21
373,Dhriti Sane,patilutkarsh@example.org,5260579481,Hyderabad,VALUE,2025-01-09
374,Aadhya Prasad,aradhanaseshadri@example.org,0015447512,Bengaluru,GROWTH,2024-02-05
375,Urvi Bhavsar,bsibal@example.org,7984800203,Jaipur,PREMIUM,2026-05-10
376,Frederick Chander,bathsamesh@example.net,7896178322,Delhi,PREMIUM,2026-01-07
377,Gopal Pradhan,upkaar44@example.net,5573222232,Pune,VALUE,2025-09-21
378,Darpan Narayan,vpatla@example.net,5426988320,Pune,PREMIUM,2024-07-18
379,Nirja Pandya,odika18@example.net,4234839061,Hyderabad,VALUE,2026-04-15
380,Charan Mani,soniyauvani@example.com,7278573023,Bengaluru,NEW,2024-06-07
381,Indira Chawla,dejack@example.com,7714673390,Delhi,VALUE,2024-08-05
382,Mohammed Subramaniam,xalakkumer@example.org,7018327403,Jaipur,PREMIUM,2024-03-04
383,Hritik Palla,osarkar@example.net,7434188157,Jaipur,PREMIUM,2024-09-16
384,Ishwar Mallick,vrittimani@example.net,0218645982,Mumbai,VALUE,2024-10-22
385,Pushti Bal,kadetanish@example.org,5176386189,Delhi,VALUE,2025-12-16
386,Ayush Gole,olivergrewal@example.org,0303253555,Delhi,PREMIUM,2024-10-20
387,Dayamai Nori,aishani80@example.com,9720560064,Delhi,VALUE,2026-05-10
388,Abeer Golla,mannshravya@example.org,2597396707,Kolkata,VALUE,2024-09-29
389,Nandini Boase,munitejas@example.com,1130322323,Jaipur,GROWTH,2025-04-17
390,Azaan Chand,dmukherjee@example.com,7453656026,Mumbai,NEW,2025-06-17
391,Krisha Saini,akumer@example.com,1638245962,Pune,GROWTH,2026-01-16
392,Harita Dugar,kantneha@example.com,2484396099,Mumbai,GROWTH,2025-11-07
393,Devika Nair,zpandit@example.org,9105150710,Bengaluru,NEW,2026-02-19
394,Charles Dugal,senguptakrishna@example.net,3598515320,Chennai,GROWTH,2026-04-23
395,Chandran Bumb,neeldubey@example.org,5342495015,Pune,GROWTH,2024-04-15
396,Saanvi Samra,joshuadara@example.net,6486157799,Kolkata,GROWTH,2024-03-25
397,Riya Sachdeva,yahvisagar@example.net,9649289638,Delhi,VALUE,2025-02-08
398,Tanveer Vala,vasanalal@example.com,8012669930,Mumbai,VALUE,2024-05-15
399,Hemani Sani,poojalal@example.net,6424944282,Bengaluru,PREMIUM,2025-03-20
400,Bhanumati Sur,sameshhora@example.org,2551266917,Bengaluru,VALUE,2025-06-14
401,Chakradev Kannan,jagvi96@example.net,9721369086,Jaipur,PREMIUM,2024-09-05
402,Christopher Amble,balhaarratti@example.com,9631650124,Kolkata,VALUE,2024-03-29
403,Charvi Kakar,rbali@example.net,4176097137,Bengaluru,GROWTH,2026-05-18
404,Aadhya Mann,vincent12@example.org,8640470420,Jaipur,VALUE,2024-11-29
405,Jagdish Amble,aishani35@example.net,7863594301,Hyderabad,GROWTH,2026-01-25
406,Qushi Gill,gavin18@example.net,1535431870,Chennai,PREMIUM,2025-07-16
407,Lajita Walia,rachita51@example.org,2162593224,Hyderabad,GROWTH,2025-08-18
408,Xiti Pandya,pratyush10@example.com,7493834162,Mumbai,VALUE,2025-12-03
409,Mekhala Basak,unnichakrabarti@example.com,8744029133,Jaipur,VALUE,2024-08-26
410,Anirudh Sharaf,mohantyumang@example.com,0392191658,Delhi,NEW,2024-07-14
411,Dhriti Sanghvi,girish16@example.net,8551299866,Mumbai,VALUE,2026-06-16
412,Omisha Mann,inaya58@example.net,5830976904,Mumbai,PREMIUM,2025-08-24
413,Nidhi Bail,aarna21@example.net,7731885937,Bengaluru,VALUE,2024-09-20
414,Onveer Sharma,xalakhora@example.org,5940953324,Mumbai,VALUE,2025-08-04
415,Gaurang Sarkar,nimrathari@example.net,6984433890,Delhi,PREMIUM,2024-12-20
416,Yagnesh Sarin,knayar@example.com,1278066448,Pune,GROWTH,2026-02-12
417,Farhan Randhawa,vrindaratta@example.com,8926855127,Jaipur,VALUE,2025-04-02
418,Harinakshi Kant,fvenkatesh@example.com,6063705545,Delhi,NEW,2024-10-09
419,Om Bose,kpau@example.org,4142386145,Bengaluru,VALUE,2025-09-13
420,Yashvi Hari,pavani13@example.com,3822581401,Chennai,GROWTH,2025-11-06
421,Indali Divan,sunderaarini@example.net,5044281645,Jaipur,GROWTH,2024-12-01
422,Harshil Dhingra,palthomas@example.net,0635519726,Pune,GROWTH,2025-11-07
423,Rudra Ghose,mishrapraneel@example.com,5658247682,Kolkata,PREMIUM,2024-07-29
424,Faqid Goel,mde@example.org,9722050116,Chennai,VALUE,2024-08-03
425,Ucchal Sen,surinidra@example.org,8496777619,Hyderabad,NEW,2026-01-13
426,Diya Dora,ayaan01@example.org,6377555794,Mumbai,GROWTH,2025-07-13
427,Ekansh Singh,kapurhitesh@example.com,6671162535,Kolkata,NEW,2024-02-01
428,Chavvi Maharaj,aadi44@example.org,8629187937,Kolkata,NEW,2025-08-30
429,Indira Tripathi,nitarakrishnamurthy@example.com,2751315862,Delhi,NEW,2024-10-02
430,Dayita Shenoy,falanlal@example.net,8947785407,Pune,GROWTH,2024-09-03
431,Baljiwan Bhandari,chahalaarnav@example.net,9341123646,Delhi,GROWTH,2025-01-16
432,Bhavini Bose,zchatterjee@example.com,6967206474,Pune,GROWTH,2025-02-10
433,Yashica Rajagopalan,triveni90@example.com,3750160557,Kolkata,PREMIUM,2026-03-13
434,Benjamin Sengupta,oommenvasana@example.org,1237287357,Mumbai,GROWTH,2025-01-27
435,Ekanta Soni,rajsuhani@example.net,4296539990,Hyderabad,PREMIUM,2024-09-24
436,David Seshadri,qshenoy@example.org,1774168674,Delhi,VALUE,2025-11-27
437,Hemal Chad,lseth@example.org,1516008044,Chennai,NEW,2025-05-03
438,Balveer Kota,cdani@example.org,5100670760,Jaipur,VALUE,2024-01-01
439,Reva Viswanathan,taragolla@example.com,0073415274,Delhi,NEW,2025-07-22
440,Januja Pradhan,udarsh20@example.com,3309438018,Hyderabad,VALUE,2025-03-26
441,Lila Rege,ksarna@example.com,3741260026,Jaipur,VALUE,2025-06-01
442,Charles Natt,upasna15@example.com,1894206248,Bengaluru,NEW,2024-06-14
443,Forum Chandra,khayre@example.com,0282536552,Mumbai,NEW,2025-03-06
444,Bhanumati Krishnan,hamble@example.org,8480302515,Hyderabad,PREMIUM,2025-08-05
445,Gauri Bumb,darika91@example.com,9546723904,Chennai,NEW,2025-09-01
446,Inaya Mukherjee,ojha@example.org,0711383514,Pune,VALUE,2025-09-04
447,Kai Chad,lagrawal@example.com,7658488547,Bengaluru,NEW,2026-06-16
448,Krisha Narasimhan,niharika88@example.net,9348673702,Jaipur,GROWTH,2025-03-27
449,Girik Sampath,cbhatnagar@example.net,1743264172,Chennai,GROWTH,2025-01-21
450,Andrew Patil,urvi35@example.net,4588501829,Bengaluru,GROWTH,2025-05-02
451,Pranit Kala,lsrinivas@example.com,0102639001,Jaipur,VALUE,2024-10-23
452,Vedika Handa,robertroy@example.com,3948834039,Jaipur,GROWTH,2024-10-10
453,Laksh Dubey,watika02@example.com,7187297034,Hyderabad,PREMIUM,2025-09-13
454,Chakrika Chaudhuri,masonsuri@example.com,0244694397,Delhi,VALUE,2024-10-08
455,Gayathri Deep,zsamra@example.com,7798304214,Chennai,NEW,2025-11-05
456,Mitesh Gaba,vlalla@example.com,3321301938,Chennai,GROWTH,2025-11-01
457,Noah Sarma,yram@example.net,6723561194,Mumbai,VALUE,2026-05-08
458,Nirja Patla,alka71@example.com,7562978823,Pune,GROWTH,2024-04-28
459,Sachi Mane,william47@example.com,8444690488,Kolkata,VALUE,2024-11-22
460,Vivaan Walla,balendra24@example.org,4716880177,Delhi,VALUE,2025-11-25
461,Dayamai Singh,wyatt77@example.org,9654065002,Pune,PREMIUM,2025-01-21
462,Jhalak Sastry,mahajanmitali@example.com,1407714210,Mumbai,VALUE,2025-08-12
463,Baghyawati Raja,aarnanatarajan@example.org,1371834979,Pune,VALUE,2025-10-23
464,Neel Iyengar,ridhipalla@example.com,0807785859,Hyderabad,PREMIUM,2026-03-07
465,Zashil Ben,subramaniamabhimanyu@example.com,8921769603,Delhi,VALUE,2024-07-22
466,Kamya Chauhan,tarakissac@example.net,8626461615,Jaipur,NEW,2024-08-22
467,Bhavani Chacko,neha93@example.org,0503509078,Mumbai,PREMIUM,2025-02-27
468,Anjali Sengupta,kotaniharika@example.net,0767034700,Chennai,VALUE,2025-03-31
469,Rajeshri Chand,vmitter@example.net,7464622507,Mumbai,GROWTH,2026-03-25
470,Shravya Palla,malhotraayush@example.com,1989383593,Jaipur,VALUE,2024-02-05
471,Oeshi Bera,tarakadakia@example.org,9707199257,Pune,GROWTH,2024-08-08
472,Yadavi Prakash,gagan50@example.net,1440342875,Kolkata,VALUE,2026-04-01
473,Libni Bumb,lkamdar@example.net,1017660279,Hyderabad,NEW,2025-07-07
474,Udarsh Bala,ayushman51@example.org,5409856910,Hyderabad,VALUE,2025-08-30
475,Hardik Nayak,nikitapatel@example.net,8100334539,Pune,PREMIUM,2024-08-12
476,Laksh Barad,siyasankaran@example.org,2216598115,Kolkata,VALUE,2025-07-14
477,Urmi Dewan,bishakharana@example.com,6789537928,Kolkata,VALUE,2024-11-28
478,Saumya Ahluwalia,prisha46@example.com,8248172971,Delhi,GROWTH,2025-10-21
479,Anirudh Kunda,kotatejas@example.org,8250843421,Pune,GROWTH,2024-03-22
480,Mason Wable,yhegde@example.net,8829145470,Delhi,NEW,2024-09-12
481,Indrajit Mani,hlalla@example.com,2125954324,Bengaluru,VALUE,2025-08-03
482,Charvi Dara,chatreshmander@example.org,2078105089,Kolkata,VALUE,2025-06-27
483,William Saini,chakrabartiansh@example.org,8167233693,Bengaluru,GROWTH,2026-01-26
484,Dev Choudhry,csarin@example.com,3851534356,Kolkata,GROWTH,2025-12-21
485,Amol Varma,narangishwar@example.com,5409461745,Hyderabad,NEW,2024-01-13
486,Maanas Manne,zarna49@example.com,8018715130,Mumbai,NEW,2024-03-22
487,Aarav Pandit,msingh@example.net,0961299262,Bengaluru,NEW,2024-11-14
488,Omaja Grover,warinderbains@example.com,5797764237,Chennai,VALUE,2026-05-12
489,Jalsa Bir,lallzayan@example.org,7904755230,Kolkata,GROWTH,2025-03-05
490,Madhavi Singhal,sanya54@example.net,1232900112,Chennai,PREMIUM,2026-03-13
491,Lila Prakash,lwable@example.org,1582212151,Jaipur,VALUE,2024-02-23
492,Amol Parikh,arin52@example.com,9895066593,Kolkata,PREMIUM,2026-05-16
493,Hemani Khosla,grewalunni@example.org,0081452860,Kolkata,VALUE,2024-02-24
494,Gaurangi Deol,ewable@example.com,1744707495,Chennai,VALUE,2025-12-28
495,Indira Nigam,dsinghal@example.com,9897639160,Bengaluru,NEW,2026-02-28
496,Ucchal Srinivas,darnathaniel@example.net,1658701529,Hyderabad,VALUE,2024-09-21
497,Krishna Bhatnagar,williamrastogi@example.org,5416785304,Delhi,NEW,2024-09-27
498,Balhaar Memon,imarandatta@example.org,5981863243,Bengaluru,VALUE,2025-06-07
499,Caleb Iyengar,qshenoy@example.com,1127481626,Jaipur,VALUE,2025-10-11
500,Diya Mukherjee,harsh33@example.com,0566059993,Hyderabad,VALUE,2024-04-18
