product_id,category,brand,list_price,cost_price
1,Sports,Brand-045,182.81,94.24
2,Beauty,Brand-044,68.66,54.42
3,Fashion,Brand-118,1095.01,516.46
4,Sports,Brand-088,304.05,240.45
5,Sports,Brand-103,812.64,385.25
6,Electronics,Brand-093,954.48,535.59
7,Electronics,Brand-057,169.9,91.36
8,Fashion,Brand-095,191.59,103.63
9,Beauty,Brand-077,1629.05,1300.2
10,Home,Brand-089,381.44,232.84
11,Home,Brand-036,237.88,117.0
12,Grocery,Brand-028,174.84,138.79
13,Grocery,Brand-022,360.26,192.71
14,Home,Brand-035,1347.92,640.79
15,Electronics,Brand-117,698.09,320.05
16,Home,Brand-113,466.57,285.6
17,Fashion,Brand-018,1437.72,1109.08
18,Beauty,Brand-066,1232.28,561.84
19,Fashion,Brand-112,527.05,370.94
20,Electronics,Brand-090,3717.83,2011.89
21,Grocery,Brand-073,330.98,174.32
22,Grocery,Brand-072,971.09,676.2
23,Home,Brand-039,294.6,209.68
24,Sports,Brand-111,830.71,536.35
25,Beauty,Brand-010,330.73,172.24
26,Grocery,Brand-104,583.53,263.88
27,Beauty,Brand-104,2730.14,1933.07
28,Home,Brand-032,863.92,570.07
29,Fashion,Brand-061,590.8,353.23
30,Electronics,Brand-106,217.07,113.91
31,Electronics,Brand-057,468.99,336.11
32,Fashion,Brand-036,180.12,85.52
33,Beauty,Brand-009,820.23,553.61
34,Grocery,Brand-053,803.92,555.46
35,Grocery,Brand-034,349.43,184.55
36,Grocery,Brand-102,1526.64,945.24
37,Fashion,Brand-103,1364.19,862.26
38,Beauty,Brand-039,454.74,298.74
39,Electronics,Brand-026,634.23,485.45
40,Home,Brand-035,251.95,161.56
41,Sports,Brand-048,324.49,153.67
42,Sports,Brand-080,170.31,97.2
43,Grocery,Brand-019,275.15,184.33
44,Sports,Brand-119,371.11,210.27
45,Fashion,Brand-084,106.88,76.82
46,Fashion,Brand-016,639.99,330.53
47,Grocery,Brand-038,913.88,456.99
48,Electronics,Brand-084,400.88,212.81
49,Fashion,Brand-060,46.63,35.28
50,Sports,Brand-063,329.51,226.81
51,Beauty,Brand-005,132.33,83.63
52,Fashion,Brand-049,247.72,137.51
53,Fashion,Brand-074,1288.91,994.4
54,Grocery,Brand-090,57.54,43.79
55,Electronics,Brand-054,209.96,123.83
56,Electronics,Brand-067,783.41,558.93
57,Sports,Brand-027,230.09,177.11
58,Beauty,Brand-095,216.43,121.13
59,Beauty,Brand-084,2050.68,1158.74
60,Fashion,Brand-089,546.05,350.04
61,Sports,Brand-080,851.88,505.1
62,Fashion,Brand-118,599.28,429.39
63,Sports,Brand-105,459.14,292.9
64,Home,Brand-097,1109.01,581.29
65,Fashion,Brand-040,1852.47,1064.68
66,Beauty,Brand-008,104.92,71.86
67,Grocery,Brand-001,392.19,183.82
68,Fashion,Brand-093,389.72,222.05
69,Beauty,Brand-107,286.17,130.39
70,Beauty,Brand-078,884.35,652.03
71,Home,Brand-086,495.47,243.28
72,Grocery,Brand-011,1882.54,898.01
73,Fashion,Brand-068,972.83,705.6
74,Grocery,Brand-073,1202.02,578.57
75,Sports,Brand-019,154.57,106.57
76,Grocery,Brand-090,211.69,123.41
77,Sports,Brand-040,226.12,166.78
78,Electronics,Brand-024,1162.69,597.62
79,Electronics,Brand-083,186.1,89.24
80,Fashion,Brand-052,190.5,100.95
81,Electronics,Brand-064,164.5,127.69
82,Sports,Brand-065,3649.78,2701.54
83,Grocery,Brand-075,360.04,198.03
84,Electronics,Brand-050,616.41,321.85
85,Home,Brand-097,161.99,81.79
86,Sports,Brand-105,869.06,458.36
87,Sports,Brand-058,97.62,50.93
88,Electronics,Brand-021,184.34,140.26
89,Beauty,Brand-034,224.73,102.7
90,Grocery,Brand-092,480.63,364.34
91,Sports,Brand-031,213.91,99.36
92,Home,Brand-093,1365.39,1009.56
93,Beauty,Brand-079,603.4,361.44
94,Sports,Brand-054,232.37,110.85
95,Sports,Brand-016,896.14,653.87
96,Electronics,Brand-065,294.53,158.97
97,Beauty,Brand-083,251.55,190.5
98,Electronics,Brand-019,826.05,589.21
99,Sports,Brand-099,56.7,45.0
100,Home,Brand-024,726.22,538.24
101,Fashion,Brand-050,228.04,121.85
102,Fashion,Brand-064,227.76,135.11
103,Sports,Brand-088,1932.38,1340.73
104,Home,Brand-027,263.76,147.87
105,Fashion,Brand-040,866.73,555.81
106,Beauty,Brand-096,504.41,268.94
107,Beauty,Brand-040,548.06,373.79
108,Electronics,Brand-074,330.16,188.11
109,Fashion,Brand-048,316.66,148.61
110,Sports,Brand-007,1369.76,1080.36
111,Grocery,Brand-062,849.26,633.01
112,Electronics,Brand-043,270.5,150.48
113,Home,Brand-032,174.74,86.56
114,Sports,Brand-103,252.76,178.78
115,Home,Brand-093,884.65,466.42
116,Sports,Brand-034,1035.82,685.62
117,Electronics,Brand-063,628.89,454.48
118,Beauty,Brand-086,110.67,60.35
119,Home,Brand-007,737.32,405.25
120,Sports,Brand-012,1144.66,539.78
121,Home,Brand-065,463.52,260.47
122,Beauty,Brand-111,1966.17,1295.92
123,Electronics,Brand-111,140.22,70.75
124,Electronics,Brand-054,697.74,546.73
125,Beauty,Brand-084,178.36,125.36
126,Electronics,Brand-059,940.9,490.55
127,Sports,Brand-108,658.71,418.75
128,Electronics,Brand-068,1704.6,1000.61
129,Beauty,Brand-107,601.7,351.29
130,Grocery,Brand-044,292.01,188.64
131,Home,Brand-111,272.37,132.88
132,Home,Brand-087,330.25,173.5
133,Grocery,Brand-092,268.12,134.7
134,Grocery,Brand-002,1185.22,605.52
135,Home,Brand-096,1119.36,760.41
136,Beauty,Brand-020,121.84,97.31
137,Beauty,Brand-112,416.0,282.0
138,Grocery,Brand-023,424.11,337.02
139,Grocery,Brand-099,215.93,140.78
140,Electronics,Brand-076,572.84,314.58
141,Beauty,Brand-047,1298.13,980.49
142,Fashion,Brand-106,823.4,389.89
143,Grocery,Brand-047,1185.19,575.82
144,Sports,Brand-008,227.06,177.49
145,Beauty,Brand-009,415.39,281.45
146,Grocery,Brand-102,218.65,169.48
147,Grocery,Brand-046,488.6,242.59
148,Fashion,Brand-098,525.09,377.48
149,Home,Brand-003,869.46,462.71
150,Electronics,Brand-010,1153.77,657.85
151,Sports,Brand-118,700.07,535.31
152,Sports,Brand-018,202.73,120.41
153,Fashion,Brand-082,136.76,93.64
154,Fashion,Brand-042,611.56,465.12
155,Home,Brand-060,1339.99,1011.43
156,Home,Brand-014,395.51,179.21
157,Home,Brand-032,118.88,60.08
158,Electronics,Brand-091,2138.38,1649.8
159,Beauty,Brand-064,596.77,386.02
160,Electronics,Brand-060,462.62,285.93
161,Grocery,Brand-113,158.48,74.94
162,Beauty,Brand-049,408.7,187.5
163,Sports,Brand-096,698.9,547.72
164,Home,Brand-087,603.3,371.54
165,Electronics,Brand-055,234.18,169.84
166,Beauty,Brand-035,385.43,203.12
167,Electronics,Brand-043,246.46,131.36
168,Fashion,Brand-104,1527.41,986.84
169,Electronics,Brand-037,825.43,624.53
170,Sports,Brand-078,265.21,146.13
171,Grocery,Brand-015,158.42,89.52
172,Home,Brand-042,503.84,323.83
173,Beauty,Brand-112,271.98,126.2
174,Sports,Brand-065,288.69,168.18
175,Sports,Brand-098,162.69,104.89
176,Electronics,Brand-031,179.63,81.14
177,Grocery,Brand-091,459.5,309.38
178,Grocery,Brand-118,325.87,152.45
179,Beauty,Brand-111,2972.66,2086.76
180,Grocery,Brand-052,648.98,474.14
181,Fashion,Brand-082,160.56,119.39
182,Beauty,Brand-107,118.1,80.98
183,Grocery,Brand-097,554.76,358.68
184,Beauty,Brand-117,293.68,163.77
185,Grocery,Brand-004,1170.49,700.67
186,Grocery,Brand-064,505.47,242.86
187,Electronics,Brand-095,82.6,57.61
188,Electronics,Brand-087,178.48,81.86
189,Electronics,Brand-019,235.04,139.78
190,Fashion,Brand-069,574.57,360.36
191,Grocery,Brand-020,173.78,117.74
192,Electronics,Brand-011,455.89,259.91
193,Electronics,Brand-014,138.53,83.81
194,Sports,Brand-114,405.43,265.79
195,Sports,Brand-033,542.41,419.34
196,Fashion,Brand-055,1298.82,889.94
197,Sports,Brand-031,491.01,264.68
198,Electronics,Brand-107,209.9,156.7
199,Electronics,Brand-106,1331.96,625.05
200,Grocery,Brand-079,348.44,190.01
201,Fashion,Brand-099,749.09,365.45
202,Electronics,Brand-013,247.07,149.84
203,Sports,Brand-119,433.82,291.93
204,Sports,Brand-050,212.51,135.12
205,Fashion,Brand-048,522.07,383.17
206,Fashion,Brand-024,767.44,497.78
207,Beauty,Brand-105,271.55,144.31
208,Sports,Brand-021,259.61,165.57
209,Fashion,Brand-103,536.71,379.68
210,Beauty,Brand-086,208.51,130.53
211,Electronics,Brand-092,119.78,72.43
212,Home,Brand-004,535.16,339.93
213,Sports,Brand-088,370.13,237.56
214,Grocery,Brand-115,363.91,203.31
215,Home,Brand-047,612.08,458.44
216,Beauty,Brand-054,684.44,357.75
217,Home,Brand-014,354.67,163.68
218,Beauty,Brand-059,164.33,116.6
219,Sports,Brand-081,242.05,180.28
220,Electronics,Brand-036,644.18,434.79
221,Sports,Brand-089,449.94,276.32
222,Sports,Brand-011,259.87,205.64
223,Sports,Brand-081,215.4,124.88
224,Grocery,Brand-071,661.33,391.55
225,Home,Brand-028,337.88,221.95
226,Grocery,Brand-042,736.69,442.49
227,Sports,Brand-029,815.23,525.3
228,Grocery,Brand-075,314.11,247.61
229,Fashion,Brand-076,862.4,459.77
230,Beauty,Brand-067,450.67,226.23
231,Electronics,Brand-024,499.8,299.0
232,Grocery,Brand-026,70.04,43.87
233,Fashion,Brand-097,185.54,129.81
234,Grocery,Brand-055,193.76,151.97
235,Grocery,Brand-052,312.65,216.05
236,Electronics,Brand-037,442.08,351.68
237,Sports,Brand-111,456.78,244.93
238,Grocery,Brand-029,507.04,265.24
239,Grocery,Brand-092,233.23,129.98
240,Electronics,Brand-092,701.41,508.87
241,Sports,Brand-029,1715.45,883.94
242,Sports,Brand-002,304.09,157.72
243,Grocery,Brand-030,237.24,140.95
244,Grocery,Brand-032,233.16,130.84
245,Grocery,Brand-089,431.98,292.13
246,Sports,Brand-064,264.91,201.74
247,Fashion,Brand-052,101.06,50.38
248,Beauty,Brand-057,125.79,80.68
249,Sports,Brand-114,912.47,438.84
250,Beauty,Brand-112,1124.88,593.4
251,Sports,Brand-004,1450.86,809.85
252,Sports,Brand-101,483.5,315.57
253,Electronics,Brand-043,182.6,117.63
254,Fashion,Brand-090,284.17,191.84
255,Electronics,Brand-118,122.35,90.13
256,Home,Brand-062,118.64,61.16
257,Grocery,Brand-075,494.83,351.42
258,Electronics,Brand-052,620.92,424.37
259,Home,Brand-009,1932.75,923.66
260,Electronics,Brand-005,377.48,215.41
261,Grocery,Brand-043,136.15,62.59
262,Grocery,Brand-098,365.94,176.22
263,Sports,Brand-041,321.83,176.79
264,Beauty,Brand-052,272.33,145.72
265,Home,Brand-064,531.13,406.35
266,Beauty,Brand-039,152.69,116.48
267,Fashion,Brand-059,447.9,292.14
268,Fashion,Brand-073,679.43,480.54
269,Beauty,Brand-102,1256.13,1004.73
270,Beauty,Brand-090,517.13,306.95
271,Electronics,Brand-098,929.36,588.14
272,Fashion,Brand-063,282.84,191.74
273,Fashion,Brand-084,316.26,244.21
274,Electronics,Brand-018,1185.92,864.48
275,Home,Brand-018,134.66,63.63
276,Electronics,Brand-110,292.21,204.41
277,Sports,Brand-072,995.01,535.49
278,Home,Brand-014,340.74,183.73
279,Beauty,Brand-049,321.02,205.95
280,Grocery,Brand-116,326.27,226.34
281,Sports,Brand-003,443.07,224.07
282,Fashion,Brand-053,961.86,538.72
283,Home,Brand-100,845.04,592.07
284,Electronics,Brand-113,407.14,204.87
285,Beauty,Brand-044,966.72,722.52
286,Home,Brand-109,530.3,323.28
287,Fashion,Brand-086,802.15,525.49
288,Beauty,Brand-049,177.2,84.73
289,Sports,Brand-093,1621.07,1271.04
290,Electronics,Brand-096,481.15,369.35
291,Sports,Brand-033,44.76,23.12
292,Beauty,Brand-011,1521.76,1037.97
293,Grocery,Brand-093,405.06,294.72
294,Home,Brand-010,294.01,144.86
295,Beauty,Brand-093,248.5,162.05
296,Grocery,Brand-043,573.41,428.72
297,Home,Brand-084,198.2,124.34
298,Electronics,Brand-073,254.29,196.65
299,Sports,Brand-005,259.23,120.99
300,Sports,Brand-002,319.32,246.43
301,Fashion,Brand-075,267.16,211.6
302,Grocery,Brand-062,798.11,402.71
303,Fashion,Brand-006,501.12,301.09
304,Grocery,Brand-117,552.49,368.66
305,Fashion,Brand-029,657.52,501.45
306,Sports,Brand-103,374.47,189.42
307,Beauty,Brand-014,178.35,101.11
308,Sports,Brand-028,1709.81,1246.92
309,Beauty,Brand-063,847.28,502.86
310,Beauty,Brand-063,1465.95,970.06
311,Electronics,Brand-072,923.0,596.26
312,Beauty,Brand-021,279.14,220.69
313,Beauty,Brand-032,61.66,30.8
314,Electronics,Brand-032,150.92,118.01
315,Electronics,Brand-053,671.3,434.64
316,Beauty,Brand-110,371.89,285.04
317,Grocery,Brand-056,288.33,141.65
318,Fashion,Brand-119,54.79,36.96
319,Grocery,Brand-030,399.21,297.03
320,Sports,Brand-029,169.79,123.17
321,Grocery,Brand-013,225.99,102.48
322,Grocery,Brand-026,796.39,484.42
323,Grocery,Brand-038,177.1,86.84
324,Electronics,Brand-046,191.15,96.24
325,Electronics,Brand-085,468.0,326.29
326,Grocery,Brand-054,810.69,636.23
327,Electronics,Brand-082,292.32,196.42
328,Beauty,Brand-011,1304.76,633.89
329,Grocery,Brand-113,145.05,77.66
330,Home,Brand-018,126.06,73.44
331,Grocery,Brand-004,117.75,58.15
332,Beauty,Brand-051,107.58,80.34
333,Grocery,Brand-078,528.08,273.59
334,Electronics,Brand-029,184.52,91.4
335,Grocery,Brand-020,130.56,91.91
336,Fashion,Brand-101,546.67,270.27
337,Home,Brand-099,779.9,462.96
338,Home,Brand-090,935.13,589.53
339,Grocery,Brand-027,812.59,388.48
340,Grocery,Brand-064,193.55,124.75
341,Home,Brand-083,503.14,310.97
342,Beauty,Brand-052,600.34,410.6
343,Sports,Brand-022,275.92,145.33
344,Sports,Brand-099,460.26,264.57
345,Electronics,Brand-112,148.22,100.92
346,Home,Brand-020,244.18,112.92
347,Electronics,Brand-084,543.17,266.44
348,Grocery,Brand-106,1347.54,740.13
349,Beauty,Brand-065,1013.49,493.8
350,Home,Brand-006,684.5,317.49
351,Beauty,Brand-083,429.99,342.09
352,Sports,Brand-110,379.86,231.53
353,Sports,Brand-032,126.71,80.69
354,Beauty,Brand-017,206.77,111.49
355,Beauty,Brand-031,212.24,96.08
356,Beauty,Brand-097,638.94,455.41
357,Fashion,Brand-067,859.16,604.26
358,Fashion,Brand-003,727.24,574.8
359,Grocery,Brand-070,1039.12,475.28
360,Beauty,Brand-097,427.44,212.85
361,Grocery,Brand-023,183.76,128.49
362,Electronics,Brand-070,387.63,219.21
363,Beauty,Brand-028,225.91,106.7
364,Beauty,Brand-003,682.86,379.22
365,Home,Brand-048,302.7,145.51
366,Sports,Brand-093,372.85,277.09
367,Beauty,Brand-080,702.68,531.88
368,Sports,Brand-013,222.99,150.05
369,Fashion,Brand-023,872.34,510.28
370,Electronics,Brand-065,137.27,98.71
371,Grocery,Brand-039,515.55,345.96
372,Beauty,Brand-040,375.13,272.79
373,Sports,Brand-052,782.01,491.74
374,Electronics,Brand-091,134.36,105.53
375,Sports,Brand-069,118.55,65.38
376,Grocery,Brand-102,735.12,486.26
377,Beauty,Brand-013,295.08,216.24
378,Beauty,Brand-056,375.16,286.19
379,Electronics,Brand-066,237.98,185.95
380,Grocery,Brand-091,837.36,492.58
381,Electronics,Brand-062,512.54,356.1
382,Grocery,Brand-110,489.08,269.76
383,Beauty,Brand-100,158.27,107.19
384,Beauty,Brand-083,602.57,310.01
385,Beauty,Brand-048,182.41,108.99
386,Home,Brand-039,238.21,183.92
387,Electronics,Brand-064,135.33,99.31
388,Home,Brand-056,355.94,222.03
389,Grocery,Brand-004,945.37,474.0
390,Home,Brand-028,483.65,285.11
391,Fashion,Brand-100,283.31,141.24
392,Beauty,Brand-055,440.24,208.67
393,Home,Brand-114,438.29,336.29
394,Grocery,Brand-030,425.33,264.56
395,Electronics,Brand-116,464.92,223.76
396,Electronics,Brand-097,175.56,123.04
397,Grocery,Brand-043,439.32,209.1
398,Home,Brand-073,99.07,58.32
399,Sports,Brand-118,639.38,339.26
400,Beauty,Brand-076,166.97,84.76
401,Grocery,Brand-111,1034.92,658.98
402,Fashion,Brand-014,57.04,40.04
403,Fashion,Brand-020,1540.0,955.6
404,Electronics,Brand-001,108.7,80.14
405,Electronics,Brand-039,154.48,119.12
406,Sports,Brand-094,512.47,375.39
407,Electronics,Brand-115,661.81,519.37
408,Sports,Brand-065,321.59,249.28
409,Home,Brand-051,823.93,610.85
410,Home,Brand-111,213.31,117.84
411,Sports,Brand-071,293.02,149.74
412,Beauty,Brand-064,316.82,223.19
413,Electronics,Brand-011,262.25,195.62
414,Sports,Brand-026,85.85,63.37
415,Fashion,Brand-084,395.55,267.1
416,Home,Brand-084,367.97,272.46
417,Home,Brand-060,955.8,666.68
418,Fashion,Brand-084,144.21,98.48
419,Home,Brand-083,241.89,112.79
420,Home,Brand-008,1056.58,645.75
421,Sports,Brand-100,510.11,235.59
422,Sports,Brand-083,626.1,301.99
423,Grocery,Brand-027,579.84,370.72
424,Beauty,Brand-026,581.9,271.52
425,Beauty,Brand-115,1731.67,1332.74
426,Electronics,Brand-031,434.08,263.76
427,Beauty,Brand-004,179.63,124.84
428,Sports,Brand-004,672.52,337.42
429,Electronics,Brand-028,256.41,191.45
430,Beauty,Brand-075,369.46,228.08
431,Electronics,Brand-055,542.48,350.21
432,Grocery,Brand-088,209.12,141.57
433,Beauty,Brand-028,268.21,171.38
434,Sports,Brand-028,590.33,382.01
435,Beauty,Brand-049,260.1,184.82
436,Beauty,Brand-095,878.93,643.61
437,Fashion,Brand-060,183.29,102.12
438,Beauty,Brand-091,182.8,141.25
439,Home,Brand-012,1853.53,1063.67
440,Sports,Brand-049,118.61,64.68
441,Home,Brand-053,394.9,220.75
442,Electronics,Brand-009,1774.35,1021.1
443,Home,Brand-038,394.31,221.18
444,Beauty,Brand-034,1184.9,883.12
445,Beauty,Brand-055,679.92,439.5
446,Grocery,Brand-020,401.11,316.35
447,Fashion,Brand-033,363.39,174.2
448,Sports,Brand-115,74.04,49.23
449,Beauty,Brand-018,312.53,151.14
450,Sports,Brand-098,485.79,296.62
451,Beauty,Brand-065,485.57,283.55
452,Beauty,Brand-010,2900.64,1996.43
453,Grocery,Brand-048,505.11,359.09
454,Beauty,Brand-062,667.89,356.21
455,Grocery,Brand-033,1024.51,530.49
456,Beauty,Brand-032,621.66,371.02
457,Electronics,Brand-085,376.59,201.36
458,Fashion,Brand-004,378.06,259.66
459,Fashion,Brand-111,304.75,192.36
460,Grocery,Brand-039,575.57,425.6
461,Beauty,Brand-046,352.04,279.32
462,Electronics,Brand-016,665.11,387.32
463,Beauty,Brand-105,179.96,138.43
464,Beauty,Brand-027,453.72,327.59
465,Beauty,Brand-096,1396.4,701.26
466,Home,Brand-039,337.07,250.3
467,Electronics,Brand-004,1762.35,1090.06
468,Home,Brand-049,459.87,321.08
469,Fashion,Brand-063,385.6,268.34
470,Fashion,Brand-056,442.88,336.63
471,Sports,Brand-118,314.46,225.28
472,Home,Brand-062,82.73,61.11
473,Sports,Brand-093,815.78,458.73
474,Grocery,Brand-045,2331.27,1843.1
475,Grocery,Brand-018,592.5,403.82
476,Sports,Brand-060,622.07,448.38
477,Home,Brand-067,348.6,261.66
478,Sports,Brand-050,1018.65,502.52
479,Electronics,Brand-092,390.95,221.96
480,Home,Brand-115,499.58,370.98
481,Beauty,Brand-010,115.33,89.11
482,Beauty,Brand-009,264.15,188.77
483,Beauty,Brand-033,541.25,334.93
484,Electronics,Brand-070,833.61,448.39
485,Home,Brand-006,852.31,540.16
486,Electronics,Brand-024,114.05,67.18
487,Beauty,Brand-049,123.69,94.0
488,Home,Brand-045,643.75,417.5
489,Fashion,Brand-101,221.97,130.35
490,Beauty,Brand-066,825.24,515.34
491,Beauty,Brand-104,109.49,85.05
492,Electronics,Brand-091,372.89,247.84
493,Electronics,Brand-050,392.53,208.1
494,Fashion,Brand-117,592.51,370.33
495,Electronics,Brand-101,176.81,108.38
496,Home,Brand-059,83.65,46.73
497,Sports,Brand-102,462.67,327.43
498,Electronics,Brand-031,614.71,334.34
499,Home,Brand-025,903.22,562.16
500,Grocery,Brand-095,302.83,183.02
