ticket_id,customer_id,reason,priority,opened_at,status,first_response_minutes,resolution_minutes
1,2757,PAYMENT,HIGH,2026-08-14 12:09:00,RESOLVED,43.8,331.8
2,6826,ACCOUNT,LOW,2026-09-05 20:50:00,RESOLVED,48.1,200.5
3,2350,PAYMENT,HIGH,2026-09-06 18:00:00,RESOLVED,33.3,312.1
4,4865,REFUND,MEDIUM,2026-08-08 04:34:00,OPEN,62.0,165.2
5,2683,PRODUCT,MEDIUM,2026-08-20 12:23:00,RESOLVED,8.4,304.1
6,3032,PRODUCT,HIGH,2026-08-19 08:32:00,RESOLVED,12.4,198.9
7,6494,DELIVERY,MEDIUM,2026-08-21 13:12:00,RESOLVED,15.5,65.1
8,3140,ACCOUNT,MEDIUM,2026-08-21 20:46:00,PENDING,7.2,224.7
9,7302,DELIVERY,HIGH,2026-08-02 23:07:00,RESOLVED,29.3,153.2
10,5040,REFUND,LOW,2026-09-04 22:07:00,RESOLVED,31.6,281.6
11,9811,ACCOUNT,LOW,2026-08-10 21:54:00,OPEN,4.2,220.7
12,1920,PAYMENT,CRITICAL,2026-08-11 08:46:00,PENDING,40.2,231.7
13,9449,PAYMENT,HIGH,2026-09-02 10:29:00,RESOLVED,33.0,468.8
14,1325,ACCOUNT,MEDIUM,2026-09-08 18:48:00,RESOLVED,29.1,156.1
15,5497,PAYMENT,HIGH,2026-09-06 01:56:00,OPEN,0.9,469.8
16,3724,PRODUCT,HIGH,2026-08-12 16:16:00,PENDING,23.1,229.1
17,7523,PAYMENT,MEDIUM,2026-08-30 19:46:00,RESOLVED,69.3,189.0
18,1305,DELIVERY,LOW,2026-08-07 12:28:00,RESOLVED,27.7,265.1
19,2548,REFUND,MEDIUM,2026-08-17 03:56:00,RESOLVED,13.6,310.6
20,2308,PRODUCT,MEDIUM,2026-08-11 03:26:00,RESOLVED,11.3,202.8
21,9208,REFUND,LOW,2026-08-10 01:59:00,OPEN,44.8,494.6
22,5351,ACCOUNT,CRITICAL,2026-09-05 05:50:00,PENDING,12.5,351.8
23,1643,ACCOUNT,MEDIUM,2026-09-05 12:55:00,RESOLVED,27.6,203.5
24,7901,PRODUCT,HIGH,2026-08-07 02:18:00,PENDING,7.7,207.3
25,2856,DELIVERY,MEDIUM,2026-08-15 19:05:00,RESOLVED,61.6,231.3
26,2248,PRODUCT,LOW,2026-08-02 06:38:00,RESOLVED,42.4,221.5
27,4944,ACCOUNT,MEDIUM,2026-09-03 00:43:00,RESOLVED,44.5,70.9
28,7917,PRODUCT,MEDIUM,2026-08-12 15:55:00,RESOLVED,37.2,525.2
29,8396,PRODUCT,MEDIUM,2026-08-24 22:58:00,OPEN,20.5,214.9
30,156,PRODUCT,LOW,2026-08-22 18:46:00,RESOLVED,6.8,125.4
31,8981,PAYMENT,HIGH,2026-08-08 22:20:00,PENDING,7.5,277.7
32,9971,REFUND,LOW,2026-08-15 06:23:00,PENDING,34.8,429.4
33,3209,PAYMENT,MEDIUM,2026-08-05 10:41:00,OPEN,17.7,167.6
34,5170,ACCOUNT,MEDIUM,2026-08-07 10:17:00,RESOLVED,21.1,104.5
35,3764,DELIVERY,CRITICAL,2026-09-03 22:04:00,RESOLVED,23.3,166.6
36,4759,DELIVERY,LOW,2026-08-15 13:37:00,RESOLVED,3.3,163.2
37,6524,ACCOUNT,LOW,2026-08-19 03:15:00,RESOLVED,31.8,431.7
38,6506,ACCOUNT,CRITICAL,2026-08-28 16:52:00,RESOLVED,18.0,162.4
39,4747,PAYMENT,CRITICAL,2026-09-05 02:29:00,RESOLVED,54.8,166.7
40,4752,REFUND,LOW,2026-08-18 10:39:00,RESOLVED,18.1,339.8
41,4886,DELIVERY,HIGH,2026-09-04 20:16:00,RESOLVED,41.3,310.3
42,4081,PRODUCT,HIGH,2026-08-23 21:48:00,RESOLVED,39.0,233.2
43,1233,PAYMENT,LOW,2026-08-03 01:06:00,RESOLVED,20.8,275.6
44,3710,ACCOUNT,HIGH,2026-09-07 21:10:00,OPEN,8.7,181.5
45,7156,REFUND,LOW,2026-08-11 11:21:00,RESOLVED,28.7,79.9
46,9779,PRODUCT,HIGH,2026-08-30 22:18:00,PENDING,35.6,425.1
47,8127,ACCOUNT,LOW,2026-09-04 20:00:00,RESOLVED,72.3,448.4
48,8615,DELIVERY,MEDIUM,2026-09-02 03:40:00,RESOLVED,38.2,281.9
49,7832,PRODUCT,HIGH,2026-08-25 08:29:00,RESOLVED,24.9,329.3
50,5025,PRODUCT,LOW,2026-08-12 12:29:00,RESOLVED,26.8,104.3
51,6821,PAYMENT,HIGH,2026-08-26 20:38:00,RESOLVED,27.3,310.3
52,8365,REFUND,LOW,2026-08-21 10:55:00,PENDING,36.4,246.1
53,2230,DELIVERY,LOW,2026-08-27 11:50:00,RESOLVED,15.3,241.2
54,1491,DELIVERY,HIGH,2026-08-14 18:48:00,RESOLVED,24.6,105.6
55,2664,REFUND,HIGH,2026-08-28 12:01:00,RESOLVED,4.0,229.5
56,5295,PAYMENT,MEDIUM,2026-08-20 09:08:00,RESOLVED,10.0,579.8
57,7863,PAYMENT,HIGH,2026-09-08 20:26:00,OPEN,26.7,421.5
58,4502,ACCOUNT,LOW,2026-08-05 11:24:00,RESOLVED,47.4,236.4
59,9829,PRODUCT,MEDIUM,2026-08-29 23:00:00,RESOLVED,24.1,164.6
60,3249,ACCOUNT,HIGH,2026-08-21 17:43:00,PENDING,39.0,205.2
61,4620,PRODUCT,HIGH,2026-08-24 00:25:00,RESOLVED,40.2,272.6
62,9185,PAYMENT,MEDIUM,2026-08-22 00:46:00,RESOLVED,37.9,150.9
63,1708,ACCOUNT,LOW,2026-08-06 10:21:00,RESOLVED,6.1,374.4
64,8325,PRODUCT,MEDIUM,2026-08-23 23:58:00,OPEN,13.4,93.6
65,1511,ACCOUNT,LOW,2026-08-17 18:10:00,RESOLVED,47.8,334.2
66,9071,REFUND,HIGH,2026-08-10 09:13:00,RESOLVED,20.0,144.1
67,3233,PRODUCT,LOW,2026-09-06 23:57:00,RESOLVED,22.0,109.0
68,6353,REFUND,MEDIUM,2026-08-09 20:35:00,RESOLVED,24.5,300.7
69,7118,REFUND,LOW,2026-08-17 20:39:00,RESOLVED,56.4,453.2
70,3763,PRODUCT,MEDIUM,2026-08-15 17:00:00,RESOLVED,11.5,100.8
71,5503,PAYMENT,CRITICAL,2026-08-19 03:23:00,RESOLVED,36.7,259.7
72,7569,PRODUCT,MEDIUM,2026-08-22 12:11:00,RESOLVED,26.2,288.1
73,8759,PRODUCT,CRITICAL,2026-08-26 04:58:00,RESOLVED,23.7,184.4
74,1086,PRODUCT,MEDIUM,2026-08-14 11:18:00,OPEN,14.3,312.7
75,4955,DELIVERY,LOW,2026-08-14 21:07:00,RESOLVED,31.7,801.2
76,8531,DELIVERY,HIGH,2026-08-29 05:53:00,RESOLVED,19.5,307.4
77,5559,REFUND,LOW,2026-08-28 21:27:00,RESOLVED,50.6,370.9
78,288,REFUND,LOW,2026-08-24 09:43:00,OPEN,37.2,206.2
79,1256,ACCOUNT,MEDIUM,2026-08-21 18:20:00,RESOLVED,33.0,321.7
80,8183,DELIVERY,LOW,2026-08-05 12:20:00,RESOLVED,43.6,148.0
81,4234,PAYMENT,HIGH,2026-08-23 15:32:00,RESOLVED,12.0,328.3
82,7040,PRODUCT,MEDIUM,2026-08-09 22:56:00,RESOLVED,62.8,823.2
83,8927,REFUND,LOW,2026-08-03 22:02:00,PENDING,26.8,224.0
84,885,REFUND,MEDIUM,2026-08-25 04:25:00,RESOLVED,20.8,139.5
85,4552,REFUND,LOW,2026-08-21 22:25:00,RESOLVED,44.3,399.7
86,1470,PAYMENT,MEDIUM,2026-08-22 06:40:00,RESOLVED,12.0,118.9
87,8423,PRODUCT,LOW,2026-08-30 07:22:00,RESOLVED,23.0,154.7
88,4524,PAYMENT,HIGH,2026-08-14 13:37:00,RESOLVED,21.8,202.6
89,8767,ACCOUNT,LOW,2026-08-14 10:20:00,RESOLVED,17.5,346.5
90,2999,DELIVERY,LOW,2026-08-07 21:00:00,OPEN,37.7,161.9
91,1454,REFUND,MEDIUM,2026-08-04 00:55:00,OPEN,32.1,200.3
92,8673,REFUND,MEDIUM,2026-09-06 19:36:00,RESOLVED,20.1,119.9
93,6132,REFUND,MEDIUM,2026-08-12 12:34:00,RESOLVED,48.9,297.9
94,1929,PRODUCT,MEDIUM,2026-08-18 23:27:00,RESOLVED,26.6,79.3
95,6943,DELIVERY,LOW,2026-09-06 07:04:00,RESOLVED,30.4,309.9
96,4171,REFUND,MEDIUM,2026-08-09 12:02:00,RESOLVED,33.2,358.4
97,467,DELIVERY,HIGH,2026-08-07 23:53:00,OPEN,9.7,194.4
98,2605,PAYMENT,LOW,2026-08-29 20:03:00,RESOLVED,20.6,133.8
99,7501,ACCOUNT,MEDIUM,2026-08-15 04:18:00,RESOLVED,18.0,350.4
100,1272,ACCOUNT,LOW,2026-08-11 05:41:00,RESOLVED,15.5,235.6
101,3377,DELIVERY,HIGH,2026-09-01 04:15:00,RESOLVED,17.1,151.3
102,2598,DELIVERY,LOW,2026-08-11 15:00:00,RESOLVED,77.0,266.3
103,7330,PAYMENT,LOW,2026-08-01 05:10:00,PENDING,14.3,189.7
104,8600,REFUND,MEDIUM,2026-09-03 01:58:00,RESOLVED,44.7,153.4
105,7876,REFUND,MEDIUM,2026-09-08 19:44:00,RESOLVED,31.1,121.1
106,7156,PRODUCT,LOW,2026-09-06 07:32:00,RESOLVED,25.7,335.1
107,896,REFUND,HIGH,2026-08-05 14:42:00,PENDING,16.7,323.9
108,9143,PAYMENT,LOW,2026-08-19 17:21:00,OPEN,5.3,184.7
109,1619,DELIVERY,HIGH,2026-09-05 09:10:00,RESOLVED,14.0,319.9
110,4053,ACCOUNT,HIGH,2026-08-26 06:59:00,RESOLVED,16.9,164.8
111,8278,DELIVERY,HIGH,2026-08-12 22:57:00,RESOLVED,21.1,236.5
112,2405,DELIVERY,MEDIUM,2026-08-15 10:33:00,RESOLVED,50.9,365.6
113,2169,PAYMENT,MEDIUM,2026-08-13 12:55:00,RESOLVED,19.0,120.1
114,264,ACCOUNT,HIGH,2026-08-26 08:16:00,RESOLVED,0.8,214.1
115,3583,PRODUCT,LOW,2026-08-27 02:35:00,RESOLVED,37.7,225.0
116,4952,PAYMENT,HIGH,2026-08-30 02:53:00,RESOLVED,30.5,279.2
117,4674,REFUND,MEDIUM,2026-08-12 03:04:00,RESOLVED,26.6,117.2
118,398,REFUND,HIGH,2026-08-29 20:10:00,RESOLVED,38.8,221.1
119,2050,PRODUCT,MEDIUM,2026-08-18 13:55:00,RESOLVED,24.8,437.0
120,43,PAYMENT,MEDIUM,2026-08-02 15:04:00,RESOLVED,43.3,483.7
121,2250,PRODUCT,LOW,2026-09-01 05:59:00,PENDING,39.7,316.5
122,6048,PAYMENT,MEDIUM,2026-08-04 22:40:00,RESOLVED,31.2,511.5
123,88,REFUND,MEDIUM,2026-08-01 09:00:00,PENDING,58.6,280.8
124,1649,DELIVERY,MEDIUM,2026-08-29 07:38:00,RESOLVED,23.5,120.7
125,5441,REFUND,LOW,2026-08-04 11:34:00,RESOLVED,15.2,285.7
126,5598,REFUND,HIGH,2026-08-22 06:33:00,RESOLVED,32.0,92.2
127,8963,PAYMENT,HIGH,2026-08-14 09:44:00,RESOLVED,11.1,90.8
128,5736,REFUND,HIGH,2026-09-07 17:35:00,RESOLVED,8.3,554.2
129,9259,PRODUCT,HIGH,2026-08-13 08:49:00,RESOLVED,15.3,233.4
130,7239,PAYMENT,MEDIUM,2026-08-05 03:25:00,OPEN,23.7,260.9
131,5505,REFUND,HIGH,2026-08-06 10:25:00,OPEN,12.4,230.7
132,3832,DELIVERY,MEDIUM,2026-09-09 14:05:00,RESOLVED,22.0,108.6
133,1114,DELIVERY,LOW,2026-09-08 11:12:00,RESOLVED,4.6,129.6
134,7052,DELIVERY,LOW,2026-08-06 08:11:00,RESOLVED,31.2,310.4
135,9381,REFUND,LOW,2026-08-14 11:07:00,OPEN,22.8,121.3
136,3660,REFUND,LOW,2026-08-02 06:10:00,OPEN,28.8,121.7
137,3556,DELIVERY,MEDIUM,2026-09-02 20:34:00,RESOLVED,19.3,364.7
138,978,PRODUCT,CRITICAL,2026-09-05 23:01:00,PENDING,8.4,137.5
139,5977,PAYMENT,LOW,2026-08-29 05:56:00,RESOLVED,16.5,73.9
140,3100,ACCOUNT,HIGH,2026-08-21 03:52:00,RESOLVED,65.4,144.5
141,102,ACCOUNT,HIGH,2026-08-15 18:36:00,RESOLVED,8.6,75.2
142,76,DELIVERY,HIGH,2026-08-12 11:12:00,RESOLVED,30.4,194.3
143,3356,PRODUCT,HIGH,2026-08-29 12:23:00,OPEN,48.7,195.3
144,4625,ACCOUNT,CRITICAL,2026-08-23 20:55:00,RESOLVED,6.2,113.9
145,4572,ACCOUNT,LOW,2026-08-19 14:51:00,RESOLVED,44.9,128.0
146,7404,PRODUCT,MEDIUM,2026-08-16 02:25:00,PENDING,36.1,737.7
147,5281,DELIVERY,LOW,2026-08-30 05:08:00,RESOLVED,10.8,99.7
148,7848,ACCOUNT,LOW,2026-09-09 13:04:00,RESOLVED,5.8,262.6
149,2971,ACCOUNT,MEDIUM,2026-08-05 21:29:00,RESOLVED,57.5,392.5
150,2321,PAYMENT,MEDIUM,2026-08-31 23:01:00,RESOLVED,8.8,139.4
151,5396,ACCOUNT,CRITICAL,2026-08-19 03:15:00,RESOLVED,13.7,167.6
152,1057,PAYMENT,LOW,2026-08-27 05:42:00,RESOLVED,77.9,428.4
153,7646,PAYMENT,HIGH,2026-09-01 23:03:00,OPEN,17.0,127.1
154,1855,PRODUCT,LOW,2026-08-13 21:12:00,OPEN,5.2,127.5
155,9151,PRODUCT,MEDIUM,2026-08-09 00:06:00,RESOLVED,4.0,194.6
156,9838,PAYMENT,LOW,2026-08-02 00:48:00,OPEN,20.7,267.4
157,5375,PRODUCT,CRITICAL,2026-09-08 15:04:00,RESOLVED,18.2,337.0
158,3122,ACCOUNT,MEDIUM,2026-09-01 21:28:00,RESOLVED,9.3,254.5
159,3387,PRODUCT,LOW,2026-08-29 18:22:00,RESOLVED,3.9,194.0
160,4293,ACCOUNT,HIGH,2026-08-02 21:53:00,RESOLVED,20.6,380.2
161,4793,PAYMENT,LOW,2026-09-06 21:41:00,PENDING,5.8,83.3
162,757,PAYMENT,HIGH,2026-08-05 12:36:00,PENDING,13.2,167.1
163,1976,PRODUCT,LOW,2026-08-12 14:28:00,RESOLVED,11.5,182.0
164,7894,PAYMENT,LOW,2026-08-24 13:26:00,RESOLVED,10.4,211.1
165,528,DELIVERY,LOW,2026-08-01 11:14:00,RESOLVED,6.5,627.1
166,4485,PAYMENT,MEDIUM,2026-08-31 06:38:00,RESOLVED,6.4,234.3
167,8751,DELIVERY,HIGH,2026-09-07 01:51:00,RESOLVED,31.6,450.5
168,874,PRODUCT,MEDIUM,2026-08-17 08:35:00,PENDING,28.2,241.7
169,9256,PRODUCT,LOW,2026-08-05 20:12:00,RESOLVED,2.3,123.8
170,4730,PRODUCT,MEDIUM,2026-08-24 13:29:00,RESOLVED,43.0,403.0
171,4234,ACCOUNT,MEDIUM,2026-09-01 02:50:00,RESOLVED,9.4,312.0
172,7133,PRODUCT,MEDIUM,2026-09-08 22:41:00,RESOLVED,8.5,252.2
173,7773,REFUND,MEDIUM,2026-08-11 21:00:00,RESOLVED,14.2,325.9
174,4731,DELIVERY,MEDIUM,2026-08-12 06:02:00,RESOLVED,11.8,167.1
175,832,DELIVERY,MEDIUM,2026-08-04 07:36:00,RESOLVED,46.2,380.0
176,9687,ACCOUNT,MEDIUM,2026-08-02 18:12:00,RESOLVED,22.5,140.2
177,89,PRODUCT,LOW,2026-08-30 11:03:00,RESOLVED,10.1,198.2
178,8717,REFUND,HIGH,2026-08-09 20:59:00,RESOLVED,18.2,81.8
179,4341,ACCOUNT,HIGH,2026-08-13 03:45:00,RESOLVED,3.6,297.0
180,5149,REFUND,HIGH,2026-08-18 20:36:00,RESOLVED,17.8,325.2
181,7651,PRODUCT,HIGH,2026-08-04 02:28:00,RESOLVED,5.9,357.5
182,9406,REFUND,MEDIUM,2026-09-01 02:16:00,RESOLVED,39.2,151.1
183,1505,PRODUCT,CRITICAL,2026-08-23 18:19:00,PENDING,25.6,289.3
184,8114,DELIVERY,MEDIUM,2026-08-17 18:29:00,RESOLVED,16.8,563.4
185,6612,PRODUCT,MEDIUM,2026-08-10 07:47:00,OPEN,40.2,427.3
186,3683,PAYMENT,HIGH,2026-08-24 13:21:00,RESOLVED,22.0,256.9
187,4258,PAYMENT,HIGH,2026-08-29 18:34:00,RESOLVED,45.3,99.0
188,7715,DELIVERY,MEDIUM,2026-08-23 15:10:00,RESOLVED,21.3,446.7
189,1401,REFUND,HIGH,2026-08-31 07:25:00,RESOLVED,26.8,281.7
190,5059,DELIVERY,MEDIUM,2026-08-20 12:18:00,OPEN,34.6,389.6
191,7222,PRODUCT,MEDIUM,2026-08-05 21:50:00,RESOLVED,34.5,180.0
192,5392,DELIVERY,HIGH,2026-08-07 08:39:00,RESOLVED,5.2,119.7
193,4479,ACCOUNT,MEDIUM,2026-09-01 19:11:00,PENDING,10.0,491.3
194,5207,DELIVERY,HIGH,2026-08-03 17:17:00,RESOLVED,10.2,308.1
195,5116,PAYMENT,HIGH,2026-08-19 05:10:00,PENDING,23.9,218.3
196,8037,ACCOUNT,LOW,2026-08-09 02:51:00,PENDING,14.2,243.0
197,8210,PAYMENT,HIGH,2026-08-31 06:08:00,RESOLVED,4.0,356.6
198,9186,PAYMENT,LOW,2026-08-11 19:23:00,RESOLVED,9.5,68.7
199,722,ACCOUNT,HIGH,2026-08-31 12:46:00,RESOLVED,8.8,232.0
200,3196,DELIVERY,HIGH,2026-08-08 12:03:00,RESOLVED,62.7,311.7
201,8768,PAYMENT,MEDIUM,2026-08-25 08:01:00,PENDING,53.0,176.9
202,6420,PAYMENT,HIGH,2026-08-08 16:45:00,PENDING,35.3,143.0
203,3769,PRODUCT,MEDIUM,2026-08-19 16:21:00,RESOLVED,16.1,102.3
204,6285,PRODUCT,LOW,2026-08-25 08:03:00,RESOLVED,29.1,475.5
205,4632,PAYMENT,MEDIUM,2026-08-07 03:56:00,RESOLVED,30.8,245.7
206,8875,PAYMENT,MEDIUM,2026-08-19 04:19:00,OPEN,9.9,78.3
207,5582,REFUND,MEDIUM,2026-08-29 12:11:00,PENDING,18.7,225.4
208,4473,REFUND,LOW,2026-08-11 00:11:00,PENDING,10.1,264.6
209,6236,ACCOUNT,MEDIUM,2026-08-03 02:45:00,OPEN,3.8,94.9
210,1902,PRODUCT,HIGH,2026-08-10 10:21:00,OPEN,24.0,494.9
211,7708,PRODUCT,MEDIUM,2026-08-16 19:31:00,RESOLVED,30.3,107.1
212,2031,DELIVERY,HIGH,2026-08-06 17:30:00,RESOLVED,15.9,105.1
213,238,REFUND,MEDIUM,2026-09-02 05:33:00,RESOLVED,45.3,200.3
214,513,REFUND,HIGH,2026-08-28 16:07:00,PENDING,30.5,544.3
215,662,ACCOUNT,HIGH,2026-08-21 06:25:00,OPEN,8.0,333.6
216,1008,ACCOUNT,MEDIUM,2026-08-20 00:53:00,RESOLVED,15.7,109.0
217,507,REFUND,MEDIUM,2026-09-01 19:18:00,RESOLVED,4.9,171.8
218,3013,PAYMENT,CRITICAL,2026-08-27 13:57:00,RESOLVED,38.6,398.1
219,9608,PRODUCT,CRITICAL,2026-08-28 14:11:00,RESOLVED,34.0,342.4
220,1026,DELIVERY,MEDIUM,2026-08-16 03:19:00,RESOLVED,23.5,202.8
221,6762,PAYMENT,HIGH,2026-08-01 05:04:00,PENDING,24.7,319.9
222,8711,REFUND,HIGH,2026-08-04 09:36:00,OPEN,24.3,88.6
223,8093,PAYMENT,LOW,2026-08-30 11:09:00,PENDING,28.4,217.7
224,3621,PRODUCT,MEDIUM,2026-09-02 22:06:00,RESOLVED,29.0,501.9
225,528,PRODUCT,HIGH,2026-08-04 17:38:00,OPEN,9.9,187.3
226,3685,DELIVERY,LOW,2026-08-02 15:54:00,RESOLVED,5.0,203.7
227,6016,REFUND,HIGH,2026-08-10 09:28:00,RESOLVED,34.3,413.0
228,7576,REFUND,LOW,2026-08-15 16:47:00,OPEN,40.6,220.6
229,1419,PRODUCT,MEDIUM,2026-08-08 06:38:00,RESOLVED,40.9,158.6
230,3014,REFUND,MEDIUM,2026-08-24 09:43:00,RESOLVED,50.5,100.9
231,6015,PAYMENT,MEDIUM,2026-09-05 15:49:00,RESOLVED,49.0,799.8
232,7152,REFUND,LOW,2026-08-27 13:54:00,RESOLVED,33.0,535.1
233,3110,REFUND,MEDIUM,2026-08-14 07:09:00,PENDING,11.7,450.8
234,8225,PAYMENT,LOW,2026-08-20 06:28:00,RESOLVED,4.8,151.9
235,8019,REFUND,LOW,2026-09-07 20:02:00,RESOLVED,14.0,563.4
236,3602,DELIVERY,HIGH,2026-09-01 22:56:00,PENDING,3.1,472.3
237,5361,DELIVERY,LOW,2026-08-07 04:24:00,RESOLVED,41.3,141.1
238,4779,PAYMENT,LOW,2026-08-20 04:24:00,RESOLVED,5.7,477.8
239,6689,DELIVERY,LOW,2026-08-04 07:23:00,RESOLVED,21.2,76.2
240,3223,DELIVERY,MEDIUM,2026-09-03 10:23:00,RESOLVED,20.1,157.5
241,3296,ACCOUNT,LOW,2026-08-28 18:38:00,RESOLVED,41.2,710.6
242,4232,ACCOUNT,MEDIUM,2026-08-10 20:58:00,RESOLVED,27.9,193.6
243,2159,PAYMENT,MEDIUM,2026-08-30 20:19:00,RESOLVED,12.4,355.5
244,5808,PRODUCT,LOW,2026-08-19 21:38:00,RESOLVED,21.8,141.6
245,9581,DELIVERY,LOW,2026-09-01 20:20:00,RESOLVED,20.8,190.2
246,3497,DELIVERY,MEDIUM,2026-08-02 05:41:00,OPEN,8.1,113.6
247,8610,DELIVERY,HIGH,2026-08-18 04:00:00,RESOLVED,17.2,354.5
248,4642,DELIVERY,LOW,2026-08-24 03:02:00,OPEN,37.2,292.7
249,1658,DELIVERY,MEDIUM,2026-08-05 04:25:00,PENDING,22.9,170.3
250,4963,PRODUCT,CRITICAL,2026-08-17 02:27:00,RESOLVED,16.4,331.0
251,4995,PRODUCT,LOW,2026-08-30 13:16:00,OPEN,23.6,157.0
252,246,PRODUCT,LOW,2026-08-28 05:56:00,RESOLVED,6.1,226.5
253,4794,REFUND,HIGH,2026-08-05 05:21:00,RESOLVED,40.8,189.7
254,1637,REFUND,HIGH,2026-08-30 16:38:00,OPEN,62.1,303.5
255,7945,REFUND,LOW,2026-08-30 00:30:00,OPEN,3.2,167.0
256,5414,DELIVERY,MEDIUM,2026-08-18 07:41:00,RESOLVED,1.5,188.9
257,3042,PAYMENT,MEDIUM,2026-09-02 18:36:00,OPEN,21.6,99.5
258,27,PAYMENT,MEDIUM,2026-08-25 08:05:00,RESOLVED,4.5,213.3
259,5710,REFUND,MEDIUM,2026-09-09 23:32:00,RESOLVED,21.2,237.6
260,7042,REFUND,MEDIUM,2026-08-30 06:45:00,RESOLVED,23.8,576.7
261,4241,PAYMENT,HIGH,2026-09-09 22:30:00,OPEN,30.2,146.0
262,9055,DELIVERY,MEDIUM,2026-09-03 11:18:00,RESOLVED,21.0,299.2
263,1963,PAYMENT,MEDIUM,2026-08-14 09:45:00,RESOLVED,0.7,507.6
264,7546,REFUND,MEDIUM,2026-08-05 04:55:00,RESOLVED,51.5,158.7
265,4957,PRODUCT,LOW,2026-08-26 04:54:00,RESOLVED,28.8,718.9
266,3142,PRODUCT,MEDIUM,2026-08-22 21:59:00,RESOLVED,11.7,118.3
267,2882,REFUND,LOW,2026-09-09 10:30:00,RESOLVED,13.7,180.2
268,4499,REFUND,MEDIUM,2026-09-06 23:49:00,RESOLVED,13.2,212.0
269,806,PAYMENT,MEDIUM,2026-08-01 03:31:00,RESOLVED,8.1,231.8
270,6508,DELIVERY,HIGH,2026-08-12 08:40:00,RESOLVED,21.0,187.2
271,4089,DELIVERY,HIGH,2026-08-21 12:28:00,RESOLVED,13.8,254.6
272,6805,DELIVERY,MEDIUM,2026-08-26 03:27:00,RESOLVED,33.4,202.6
273,5153,REFUND,MEDIUM,2026-08-16 22:25:00,OPEN,24.1,139.8
274,9775,PAYMENT,LOW,2026-08-12 07:01:00,RESOLVED,73.6,633.4
275,827,REFUND,MEDIUM,2026-08-19 02:06:00,RESOLVED,10.2,239.9
276,4930,PAYMENT,LOW,2026-09-02 03:41:00,RESOLVED,37.0,135.6
277,5363,PRODUCT,LOW,2026-09-07 15:13:00,RESOLVED,11.5,84.9
278,2496,PRODUCT,HIGH,2026-08-30 17:38:00,OPEN,15.4,170.5
279,6724,PAYMENT,CRITICAL,2026-08-07 12:02:00,RESOLVED,6.2,228.2
280,3622,PAYMENT,MEDIUM,2026-09-07 23:31:00,RESOLVED,16.4,407.1
281,7636,PAYMENT,LOW,2026-08-22 06:00:00,RESOLVED,8.7,116.8
282,9225,PAYMENT,LOW,2026-08-28 23:00:00,PENDING,85.9,321.5
283,8537,PRODUCT,LOW,2026-08-28 02:41:00,PENDING,24.7,259.4
284,6328,PAYMENT,HIGH,2026-08-20 13:33:00,RESOLVED,29.2,151.8
285,7180,REFUND,MEDIUM,2026-08-22 03:26:00,RESOLVED,14.3,66.7
286,8643,ACCOUNT,HIGH,2026-08-22 15:28:00,PENDING,67.2,317.7
287,9807,ACCOUNT,MEDIUM,2026-08-06 05:56:00,OPEN,39.8,216.7
288,7241,ACCOUNT,MEDIUM,2026-09-01 04:14:00,PENDING,26.8,307.2
289,9130,ACCOUNT,MEDIUM,2026-08-13 12:19:00,RESOLVED,14.2,156.2
290,9655,REFUND,LOW,2026-08-30 12:22:00,RESOLVED,56.4,125.1
291,1759,ACCOUNT,MEDIUM,2026-08-02 01:16:00,OPEN,24.9,460.4
292,5013,PRODUCT,HIGH,2026-08-05 17:05:00,RESOLVED,25.9,431.5
293,3575,ACCOUNT,LOW,2026-08-11 15:42:00,RESOLVED,30.9,349.2
294,9500,DELIVERY,LOW,2026-08-12 23:09:00,PENDING,49.4,174.3
295,7441,DELIVERY,MEDIUM,2026-08-05 03:36:00,PENDING,48.1,274.6
296,8859,DELIVERY,CRITICAL,2026-08-28 07:11:00,OPEN,10.4,131.1
297,3496,ACCOUNT,CRITICAL,2026-08-03 15:29:00,RESOLVED,24.3,436.5
298,8431,REFUND,LOW,2026-08-05 00:50:00,RESOLVED,21.2,1000.8
299,813,DELIVERY,HIGH,2026-08-25 14:24:00,PENDING,24.9,357.4
300,9391,PRODUCT,HIGH,2026-08-27 09:28:00,RESOLVED,44.4,328.8
301,2300,PRODUCT,HIGH,2026-08-27 04:35:00,RESOLVED,54.0,490.2
302,5256,ACCOUNT,LOW,2026-09-04 12:54:00,RESOLVED,10.7,158.2
303,7164,PAYMENT,CRITICAL,2026-09-01 13:07:00,RESOLVED,13.3,517.6
304,7429,PRODUCT,HIGH,2026-08-15 17:01:00,RESOLVED,16.3,237.0
305,2123,PRODUCT,MEDIUM,2026-08-26 17:23:00,RESOLVED,45.2,147.8
306,5554,PRODUCT,LOW,2026-08-09 17:16:00,OPEN,41.9,93.2
307,5306,PAYMENT,LOW,2026-09-02 22:05:00,PENDING,1.1,286.5
308,7763,DELIVERY,LOW,2026-09-04 03:51:00,RESOLVED,27.0,590.2
309,3209,DELIVERY,HIGH,2026-08-23 06:03:00,PENDING,5.6,218.5
310,7638,ACCOUNT,HIGH,2026-08-20 06:16:00,RESOLVED,16.9,178.9
311,6163,DELIVERY,HIGH,2026-08-25 20:18:00,RESOLVED,3.5,166.9
312,7585,DELIVERY,MEDIUM,2026-09-03 06:57:00,RESOLVED,20.1,106.8
313,8753,ACCOUNT,HIGH,2026-09-06 12:08:00,RESOLVED,20.6,435.4
314,4285,ACCOUNT,HIGH,2026-08-04 02:58:00,PENDING,10.3,199.6
315,4322,PAYMENT,LOW,2026-08-25 01:29:00,RESOLVED,19.7,383.4
316,7963,DELIVERY,LOW,2026-08-09 11:18:00,RESOLVED,16.2,309.6
317,7819,PAYMENT,HIGH,2026-08-03 11:39:00,RESOLVED,23.8,183.4
318,8765,DELIVERY,MEDIUM,2026-08-01 00:59:00,RESOLVED,2.3,236.2
319,5505,REFUND,LOW,2026-08-04 19:31:00,OPEN,8.4,119.6
320,6363,PAYMENT,HIGH,2026-08-18 22:13:00,RESOLVED,27.3,277.8
321,592,ACCOUNT,LOW,2026-09-04 06:15:00,PENDING,12.6,369.8
322,4547,DELIVERY,MEDIUM,2026-09-05 06:48:00,RESOLVED,7.2,130.6
323,2463,PRODUCT,HIGH,2026-09-01 04:51:00,PENDING,8.9,379.4
324,8533,DELIVERY,LOW,2026-08-26 19:27:00,PENDING,60.2,236.7
325,1225,PAYMENT,LOW,2026-08-25 09:42:00,RESOLVED,4.6,424.6
326,7785,PRODUCT,MEDIUM,2026-08-01 17:07:00,RESOLVED,10.2,153.6
327,8369,DELIVERY,MEDIUM,2026-09-02 21:21:00,OPEN,22.0,162.6
328,4697,PRODUCT,LOW,2026-08-01 23:45:00,PENDING,21.1,165.4
329,6682,ACCOUNT,MEDIUM,2026-09-01 12:58:00,RESOLVED,18.9,103.5
330,5799,REFUND,MEDIUM,2026-08-29 19:30:00,OPEN,10.8,94.8
331,6892,PRODUCT,HIGH,2026-08-11 14:09:00,RESOLVED,13.5,63.7
332,6859,PAYMENT,MEDIUM,2026-08-04 17:05:00,RESOLVED,16.3,236.8
333,2531,ACCOUNT,LOW,2026-09-05 05:36:00,OPEN,5.7,130.6
334,6884,PAYMENT,LOW,2026-08-09 19:26:00,PENDING,56.7,150.5
335,9018,ACCOUNT,LOW,2026-08-22 07:01:00,RESOLVED,11.7,216.0
336,3111,DELIVERY,LOW,2026-08-28 22:29:00,RESOLVED,35.5,161.1
337,3066,REFUND,LOW,2026-08-19 12:01:00,RESOLVED,22.5,293.4
338,2927,PAYMENT,HIGH,2026-08-10 22:52:00,RESOLVED,26.7,490.2
339,9118,ACCOUNT,HIGH,2026-08-20 15:22:00,RESOLVED,25.6,107.7
340,8874,PRODUCT,LOW,2026-08-20 14:35:00,RESOLVED,7.2,213.1
341,3478,REFUND,HIGH,2026-08-18 17:13:00,PENDING,43.7,523.6
342,9371,ACCOUNT,MEDIUM,2026-08-16 19:29:00,PENDING,3.9,232.1
343,7615,PRODUCT,MEDIUM,2026-08-03 02:32:00,RESOLVED,10.1,225.6
344,4021,PAYMENT,HIGH,2026-08-14 18:01:00,PENDING,21.4,369.8
345,8252,REFUND,LOW,2026-08-15 15:02:00,RESOLVED,15.8,127.0
346,9134,PRODUCT,MEDIUM,2026-08-11 02:29:00,RESOLVED,10.6,417.0
347,8686,ACCOUNT,LOW,2026-08-05 08:39:00,OPEN,41.1,114.6
348,4707,PAYMENT,HIGH,2026-08-17 07:12:00,RESOLVED,28.6,186.9
349,2167,ACCOUNT,LOW,2026-09-06 22:14:00,RESOLVED,24.2,173.4
350,1673,PRODUCT,MEDIUM,2026-08-08 07:28:00,RESOLVED,17.1,197.7
351,8274,DELIVERY,LOW,2026-08-28 18:50:00,RESOLVED,28.4,312.1
352,7329,PRODUCT,MEDIUM,2026-09-08 04:29:00,RESOLVED,35.6,92.7
353,7089,PAYMENT,MEDIUM,2026-09-08 11:13:00,OPEN,12.6,158.6
354,459,PAYMENT,HIGH,2026-08-13 15:45:00,RESOLVED,6.7,253.5
355,9654,PRODUCT,LOW,2026-08-06 11:20:00,RESOLVED,5.6,359.2
356,1140,DELIVERY,LOW,2026-08-30 03:48:00,RESOLVED,46.1,350.9
357,5806,ACCOUNT,LOW,2026-08-13 04:11:00,RESOLVED,7.9,158.0
358,9411,ACCOUNT,LOW,2026-08-12 16:56:00,RESOLVED,8.0,309.0
359,2421,ACCOUNT,LOW,2026-08-29 22:08:00,RESOLVED,35.0,121.8
360,5177,PRODUCT,MEDIUM,2026-08-11 11:42:00,RESOLVED,20.9,413.9
361,8402,REFUND,MEDIUM,2026-08-21 17:57:00,RESOLVED,59.6,399.6
362,2664,PRODUCT,CRITICAL,2026-08-20 07:24:00,RESOLVED,14.7,174.1
363,1018,REFUND,MEDIUM,2026-09-03 18:30:00,RESOLVED,20.8,287.8
364,4805,PAYMENT,LOW,2026-08-30 07:12:00,OPEN,16.9,115.3
365,7951,ACCOUNT,HIGH,2026-08-15 17:32:00,PENDING,45.5,433.1
366,5782,DELIVERY,LOW,2026-08-01 03:45:00,RESOLVED,19.4,91.4
367,4427,PAYMENT,HIGH,2026-08-10 23:14:00,OPEN,16.8,220.0
368,6390,PAYMENT,MEDIUM,2026-08-07 20:15:00,RESOLVED,18.1,215.1
369,518,ACCOUNT,LOW,2026-09-01 09:44:00,PENDING,1.2,468.6
370,3483,PAYMENT,CRITICAL,2026-08-31 23:20:00,RESOLVED,3.9,153.3
371,8780,REFUND,MEDIUM,2026-08-02 15:37:00,RESOLVED,9.4,133.9
372,3875,REFUND,HIGH,2026-08-15 02:50:00,RESOLVED,22.2,426.4
373,9652,REFUND,MEDIUM,2026-08-06 23:35:00,RESOLVED,29.1,224.8
374,5498,DELIVERY,MEDIUM,2026-09-04 05:10:00,RESOLVED,31.1,485.2
375,9339,PRODUCT,MEDIUM,2026-08-29 21:15:00,PENDING,28.7,256.8
376,6267,PRODUCT,MEDIUM,2026-08-06 07:54:00,RESOLVED,26.1,209.6
377,4189,DELIVERY,HIGH,2026-08-28 18:02:00,RESOLVED,17.5,332.9
378,9214,PAYMENT,LOW,2026-09-02 12:28:00,RESOLVED,29.2,426.4
379,2700,PRODUCT,MEDIUM,2026-08-03 14:40:00,RESOLVED,17.3,293.4
380,3923,PRODUCT,LOW,2026-08-25 21:13:00,RESOLVED,54.3,382.4
381,7225,DELIVERY,MEDIUM,2026-08-22 01:17:00,RESOLVED,19.9,296.8
382,8747,DELIVERY,LOW,2026-08-07 17:44:00,RESOLVED,9.2,206.3
383,1933,DELIVERY,LOW,2026-09-06 19:07:00,PENDING,96.7,204.2
384,9933,PAYMENT,MEDIUM,2026-08-01 11:51:00,RESOLVED,2.2,94.5
385,4307,ACCOUNT,MEDIUM,2026-08-20 15:52:00,RESOLVED,14.1,260.1
386,3391,DELIVERY,HIGH,2026-09-05 06:08:00,RESOLVED,20.5,567.2
387,1286,PRODUCT,LOW,2026-08-13 10:56:00,RESOLVED,20.9,260.3
388,273,PRODUCT,MEDIUM,2026-08-12 13:19:00,PENDING,11.7,103.8
389,5574,ACCOUNT,LOW,2026-08-30 02:23:00,PENDING,12.7,242.7
390,6044,PAYMENT,MEDIUM,2026-08-10 15:42:00,OPEN,26.5,300.3
391,939,ACCOUNT,MEDIUM,2026-08-21 03:13:00,RESOLVED,3.6,231.9
392,9037,PAYMENT,LOW,2026-08-08 08:29:00,RESOLVED,23.5,142.1
393,5439,REFUND,MEDIUM,2026-08-03 17:18:00,RESOLVED,47.8,233.0
394,534,ACCOUNT,LOW,2026-08-15 04:48:00,RESOLVED,16.9,355.2
395,8414,PAYMENT,LOW,2026-08-06 16:07:00,RESOLVED,36.3,117.0
396,1972,REFUND,HIGH,2026-08-21 22:54:00,RESOLVED,23.2,100.4
397,6729,PRODUCT,HIGH,2026-08-20 15:28:00,RESOLVED,5.7,79.1
398,6762,PAYMENT,MEDIUM,2026-08-20 02:34:00,OPEN,2.3,358.3
399,8104,PRODUCT,LOW,2026-09-08 17:12:00,OPEN,19.5,237.5
400,8097,PRODUCT,LOW,2026-09-04 01:10:00,RESOLVED,5.4,128.1
401,9857,DELIVERY,LOW,2026-08-18 08:19:00,RESOLVED,35.5,218.4
402,867,PAYMENT,MEDIUM,2026-08-08 21:26:00,RESOLVED,22.1,98.5
403,3650,ACCOUNT,HIGH,2026-08-09 06:10:00,RESOLVED,54.2,291.5
404,3638,PRODUCT,MEDIUM,2026-08-30 20:40:00,OPEN,9.7,745.5
405,3763,PRODUCT,MEDIUM,2026-09-03 17:51:00,RESOLVED,7.5,121.0
406,2388,ACCOUNT,LOW,2026-09-06 08:50:00,RESOLVED,28.6,293.6
407,2339,REFUND,MEDIUM,2026-09-07 01:33:00,RESOLVED,42.8,574.0
408,9649,PRODUCT,LOW,2026-08-02 11:23:00,OPEN,39.2,409.5
409,8989,DELIVERY,MEDIUM,2026-09-03 05:04:00,RESOLVED,50.9,229.3
410,6825,DELIVERY,MEDIUM,2026-08-31 01:09:00,OPEN,29.2,151.0
411,5550,PRODUCT,LOW,2026-08-07 15:22:00,RESOLVED,15.5,590.8
412,4757,REFUND,HIGH,2026-08-11 23:30:00,PENDING,14.8,293.8
413,6821,PRODUCT,HIGH,2026-09-08 19:08:00,RESOLVED,41.9,104.4
414,8624,ACCOUNT,MEDIUM,2026-08-18 21:47:00,RESOLVED,43.2,323.4
415,4263,ACCOUNT,LOW,2026-08-28 19:41:00,PENDING,38.3,143.0
416,5377,DELIVERY,LOW,2026-08-03 10:37:00,RESOLVED,16.5,394.9
417,9122,REFUND,LOW,2026-08-26 14:34:00,RESOLVED,32.1,146.9
418,9114,PAYMENT,MEDIUM,2026-08-12 18:34:00,RESOLVED,29.2,310.9
419,2300,DELIVERY,LOW,2026-09-01 00:19:00,RESOLVED,28.8,284.6
420,2389,ACCOUNT,HIGH,2026-08-05 11:36:00,RESOLVED,27.8,102.5
421,2043,ACCOUNT,MEDIUM,2026-09-09 18:29:00,OPEN,20.1,393.6
422,274,PRODUCT,MEDIUM,2026-08-10 07:32:00,RESOLVED,13.3,614.7
423,6945,REFUND,HIGH,2026-08-17 07:52:00,RESOLVED,6.7,280.2
424,4288,DELIVERY,MEDIUM,2026-08-02 07:28:00,PENDING,99.4,198.3
425,318,ACCOUNT,MEDIUM,2026-08-04 20:35:00,RESOLVED,12.9,48.0
426,2043,PRODUCT,CRITICAL,2026-09-07 13:19:00,PENDING,29.6,190.0
427,5322,ACCOUNT,MEDIUM,2026-08-29 01:39:00,RESOLVED,7.8,305.7
428,8358,REFUND,MEDIUM,2026-09-05 19:30:00,RESOLVED,22.5,117.4
429,6630,DELIVERY,MEDIUM,2026-09-03 19:26:00,OPEN,24.7,121.3
430,5330,ACCOUNT,MEDIUM,2026-08-27 00:57:00,OPEN,3.4,255.4
431,1865,DELIVERY,HIGH,2026-08-26 20:32:00,RESOLVED,3.4,553.2
432,2887,PAYMENT,MEDIUM,2026-08-14 00:11:00,RESOLVED,28.4,183.1
433,7820,PAYMENT,LOW,2026-08-29 00:30:00,RESOLVED,16.0,176.6
434,7736,PAYMENT,HIGH,2026-09-07 17:34:00,RESOLVED,5.3,341.1
435,8682,PAYMENT,MEDIUM,2026-08-10 08:12:00,RESOLVED,3.3,377.0
436,5269,DELIVERY,HIGH,2026-09-08 20:56:00,RESOLVED,20.7,209.1
437,2731,PRODUCT,LOW,2026-08-21 22:05:00,RESOLVED,46.8,474.6
438,5028,REFUND,MEDIUM,2026-09-01 18:44:00,RESOLVED,26.0,320.4
439,8963,DELIVERY,HIGH,2026-08-15 04:40:00,PENDING,24.7,143.3
440,1808,PAYMENT,MEDIUM,2026-08-28 06:20:00,PENDING,24.5,274.4
441,8470,REFUND,LOW,2026-08-23 06:17:00,PENDING,6.4,172.7
442,9953,PRODUCT,MEDIUM,2026-08-14 03:38:00,RESOLVED,1.0,326.6
443,8199,REFUND,LOW,2026-08-02 01:59:00,PENDING,11.2,115.9
444,6591,PAYMENT,MEDIUM,2026-09-05 07:57:00,PENDING,6.9,107.4
445,4092,PAYMENT,LOW,2026-08-28 17:54:00,RESOLVED,7.4,286.6
446,8549,ACCOUNT,LOW,2026-08-20 23:55:00,RESOLVED,33.7,315.7
447,1609,DELIVERY,LOW,2026-08-22 22:21:00,RESOLVED,42.0,273.5
448,7598,DELIVERY,MEDIUM,2026-08-26 07:03:00,RESOLVED,2.5,164.6
449,4017,ACCOUNT,MEDIUM,2026-08-02 00:57:00,RESOLVED,2.1,186.3
450,5030,REFUND,LOW,2026-08-07 22:18:00,RESOLVED,34.8,191.7
451,4632,PRODUCT,MEDIUM,2026-09-09 14:20:00,RESOLVED,28.8,406.3
452,98,PAYMENT,MEDIUM,2026-08-01 20:34:00,PENDING,17.6,239.5
453,9867,PRODUCT,CRITICAL,2026-08-05 09:35:00,RESOLVED,73.4,237.9
454,6667,PRODUCT,HIGH,2026-09-09 12:00:00,RESOLVED,41.7,217.6
455,6001,REFUND,HIGH,2026-09-01 09:24:00,RESOLVED,30.9,322.7
456,1008,PAYMENT,HIGH,2026-08-25 20:37:00,RESOLVED,18.0,365.8
457,7789,REFUND,MEDIUM,2026-09-06 17:22:00,RESOLVED,5.6,499.1
458,9615,REFUND,LOW,2026-08-28 09:53:00,RESOLVED,45.0,439.0
459,8147,PAYMENT,HIGH,2026-08-04 12:36:00,RESOLVED,7.3,91.0
460,2493,DELIVERY,HIGH,2026-08-03 00:22:00,PENDING,26.4,353.8
461,1815,DELIVERY,LOW,2026-09-05 02:33:00,RESOLVED,53.4,210.7
462,3674,PRODUCT,LOW,2026-08-17 20:37:00,RESOLVED,7.6,228.9
463,227,DELIVERY,MEDIUM,2026-08-15 02:58:00,PENDING,15.3,78.1
464,5516,ACCOUNT,LOW,2026-08-12 08:53:00,OPEN,12.4,138.7
465,4583,PRODUCT,CRITICAL,2026-09-01 23:11:00,RESOLVED,18.2,282.8
466,5027,ACCOUNT,LOW,2026-09-03 10:13:00,RESOLVED,38.9,451.1
467,9900,PAYMENT,LOW,2026-08-25 20:21:00,PENDING,6.6,243.8
468,6552,PRODUCT,LOW,2026-08-20 10:06:00,RESOLVED,13.5,126.7
469,4169,DELIVERY,MEDIUM,2026-08-24 16:07:00,RESOLVED,3.8,200.6
470,7835,PRODUCT,MEDIUM,2026-08-16 09:08:00,RESOLVED,24.2,306.9
471,3698,REFUND,MEDIUM,2026-08-15 14:33:00,RESOLVED,12.8,451.6
472,7577,PRODUCT,LOW,2026-08-06 21:56:00,RESOLVED,2.6,168.4
473,9328,REFUND,HIGH,2026-08-19 16:37:00,RESOLVED,23.6,337.9
474,9081,PRODUCT,MEDIUM,2026-08-16 08:12:00,PENDING,29.6,592.5
475,5189,ACCOUNT,LOW,2026-08-12 07:29:00,OPEN,13.7,70.2
476,4700,DELIVERY,LOW,2026-08-15 11:35:00,OPEN,35.1,267.1
477,3976,DELIVERY,MEDIUM,2026-08-29 01:26:00,OPEN,13.8,209.8
478,5342,REFUND,MEDIUM,2026-09-01 11:31:00,RESOLVED,10.7,268.9
479,9363,PAYMENT,MEDIUM,2026-09-02 04:15:00,PENDING,6.1,119.1
480,8741,ACCOUNT,LOW,2026-09-03 21:37:00,RESOLVED,107.1,526.6
481,6065,PAYMENT,HIGH,2026-09-09 08:11:00,RESOLVED,26.8,206.8
482,2824,ACCOUNT,LOW,2026-08-16 04:04:00,OPEN,23.2,330.4
483,3766,PRODUCT,LOW,2026-09-05 18:31:00,RESOLVED,20.0,349.0
484,2460,PRODUCT,MEDIUM,2026-08-17 09:52:00,PENDING,35.1,422.6
485,1866,ACCOUNT,MEDIUM,2026-09-03 02:50:00,RESOLVED,47.1,181.8
486,92,REFUND,CRITICAL,2026-09-09 00:12:00,OPEN,22.9,255.6
487,7739,PRODUCT,MEDIUM,2026-09-01 08:23:00,RESOLVED,36.3,260.9
488,7385,PRODUCT,LOW,2026-08-16 03:04:00,RESOLVED,42.1,308.8
489,1791,ACCOUNT,CRITICAL,2026-08-16 01:34:00,RESOLVED,44.9,122.0
490,6876,REFUND,MEDIUM,2026-08-26 03:28:00,OPEN,17.3,242.0
491,1654,PRODUCT,MEDIUM,2026-09-09 22:37:00,RESOLVED,14.3,200.9
492,2768,REFUND,LOW,2026-08-06 09:24:00,RESOLVED,17.6,86.8
493,2586,ACCOUNT,LOW,2026-08-11 07:13:00,RESOLVED,21.4,1107.4
494,1300,PAYMENT,CRITICAL,2026-08-18 03:43:00,RESOLVED,25.9,261.5
495,7291,ACCOUNT,CRITICAL,2026-09-02 07:27:00,RESOLVED,2.9,482.4
496,426,PAYMENT,CRITICAL,2026-08-10 15:56:00,RESOLVED,35.5,85.0
497,4054,DELIVERY,HIGH,2026-08-19 03:06:00,RESOLVED,9.1,231.6
498,4879,REFUND,MEDIUM,2026-08-10 17:11:00,RESOLVED,42.0,252.8
499,5772,PRODUCT,MEDIUM,2026-08-29 07:27:00,RESOLVED,8.4,346.0
500,1935,PRODUCT,LOW,2026-08-10 08:42:00,RESOLVED,20.4,266.5
